,Kliento ?mon?s kodas,Kliento pavadinimas,Adresas,Pavadinimas,Serijos numeris,Priži?ri,Patikr. Periodiškumas,Sutartis YRA/N?RA,Atlikta,Komentaras,Patikros data,Sekanti patikra,,,,,,,,,,,,,
1/12/2021,301798757, Albaela,"Vienyb?s g.19, Klaip?da",VistaScan Mini Easy Image Plate Scanner,M443443102,Art?ras,1k/ metus,Yra,Taip,Albaela Albertas +370 698 31 772,11/23/2023,11/23/2024,,,,,,,,,,,,,
7/9/2020,301798757,I? Albaela,"Vienyb?s g.19, Klaip?da",Dentalinis rentgenas VistaIntra DC  alk?,L204403176,Art?ras,1k/ metus,Yra,Taip,,11/23/2023,11/23/2024,,,,,,,,,,,,,
7/9/2020,301798757,I? Albaela,"Vienyb?s g.19, Klaip?da",Odontologijos centras INTEGO,255289,Art?ras,1k/ metus,Yra,Taip,,7/1/2025,7/1/2026,,,,,,,,,,,,,
11/19/2020,301798757, Albaela,"Vienyb?s g.19, Klaip?da",Odontologijos centras INTEGO,256677,Art?ras,1k/ metus,Yra,Taip,,7/1/2025,7/1/2026,,,,,,,,,,,,,
7/9/2020,301798757,I? Albaela,"Vienyb?s g.19, Klaip?da",Autoklavas  DOMINA PLUS B,,Art?ras,1k/ metus,Yra,Taip,,7/1/2025,7/1/2026,,,,,,,,,,,,,
8/10/2020,301798757,I? Albaela,"Vienyb?s g.19, Klaip?da",Kombinuotas siurblys Durr VS600,,Art?ras,1k/ metus,Yra,Taip,,11/23/2023,11/23/2024,,,,,,,,,,,,,
7/9/2020,301798757,I? Albaela,"Vienyb?s g.19, Klaip?da",Kompresorius Tornado 2 su membr.džiov.,M423272046,Art?ras,1k/ metus,Yra,Taip,,11/23/2023,11/23/2024,,,,,,,,,,,,,
,,,,,,,,,,,,,,,,,,,,,,,,,
8/28/2019,141044898, Danvit? plius,"Geguž?s g.1/ Bokšto g. 18, Klaip?da",VistaScan Mini Plus EU Image Plate Scann,L408230050,Art?ras,1k/ metus,Yra,Ne,ex Danvite,1/4/2022,1/4/2023,?mon?s n?ra --> Denticija nupirkta,,,,,,,,,,,,
10/27/2016,141044898, Danvit? plius,"Geguž?s g.1/ Bokšto g. 18, Klaip?da",Kompresorius Tornado 2 su membr.džiov.,,Art?ras,1k/ metus,Yra,Ne,,1/4/2022,1/4/2023,,,,,,,,,,,,,
10/14/2022,141044898, Danvit? plius,"Geguž?s g.1/ Bokšto g. 18, Klaip?da",Kompresorius Tornado 2 su membr.džiov.,P469101048,Art?ras,1k/ metus,Yra,Ne,,1/4/2022,1/4/2023,,,,,,,,,,,,,
1/30/2017,141044898, Danvit? plius,"Geguž?s g.1/ Bokšto g. 18, Klaip?da",Kompresorius Tornado 2 su membr.džiov.,,Art?ras,1k/ metus,Yra,Ne,,1/4/2022,1/4/2023,,,,,,,,,,,,,
10/27/2016,141044898, Danvit? plius,"Geguž?s g.1/ Bokšto g. 18, Klaip?da",Centrinis siurblys VS 300 S (šlapias),,Art?ras,1k/ metus,Yra,Ne,,1/4/2022,1/4/2023,,,,,,,,,,,,,
1/30/2017,141044898, Danvit? plius,"Geguž?s g.1/ Bokšto g. 18, Klaip?da",Centrinis siurblys VS 300 S (šlapias),,Art?ras,1k/ metus,Yra,Ne,,1/4/2022,1/4/2023,,,,,,,,,,,,,
2/20/2019,141044898, Danvit? plius,"Geguž?s g.1/ Bokšto g. 18, Klaip?da",Dentalinis rentgenas VistaIntra DC  alk?,K204401907,Art?ras,1k/ metus,Yra,Ne,,4/25/2025,4/25/2026,,,,,,,,,,,,,
12/2/2020,141044899, Danvit? plius,"Geguž?s g.1/ Bokšto g. 18, Klaip?da",Durr Dental VistaVox  3D panoraminis ren,,Art?ras,1k/ metus,Yra,Taip,Tvarkinga,4/25/2025,4/25/2026,,,,,,,,,,,,,
3/2/2021,141044898, Danvit? plius,"Geguž?s g.1/ Bokšto g. 18, Klaip?da",Odontologijos centras INTEGO,257852,Art?ras,1k/ metus,Yra,Ne,,1/4/2022,1/4/2023,,,,,,,,,,,,,
10/27/2016,141044898, Danvit? plius,"Geguž?s g.1/ Bokšto g. 18, Klaip?da",Odontologijos centras INTEGO,,Art?ras,1k/ metus,Yra,Ne,,1/4/2022,1/4/2023,,,,,,,,,,,,,
10/27/2016,141044898, Danvit? plius,"Geguž?s g.1/ Bokšto g. 18, Klaip?da",Odontologijos centras INTEGO,,Art?ras,1k/ metus,Yra,Ne,,1/4/2022,1/4/2023,,,,,,,,,,,,,
10/27/2016,141044898, Danvit? plius,"Geguž?s g.1/ Bokšto g. 18, Klaip?da",Odontologijos centras INTEGO,,Art?ras,1k/ metus,Yra,Ne,,1/4/2022,1/4/2023,,,,,,,,,,,,,
1/30/2017,141044898, Danvit? plius,"Geguž?s g.1/ Bokšto g. 18, Klaip?da",Odontologijos centras INTEGO,,Art?ras,1k/ metus,Yra,Ne,,1/4/2022,1/4/2023,,,,,,,,,,,,,
,,,,,,,,,,,,,,,,,,,,,,,,,
11/17/2021,302727072, VetPet LT,"Sod? g. 19, Jonava,tel. 060627453",VistaScan Mini Plus EU Image Plate Scann,N449258052,Tomas,1k/ metus,N?ra,Taip,"info@vetpet.lt, 370 606 27453 Linas",6/20/2025,6/20/2026,,,,,,,,,,,,,
,,,,,,,,,,,,,,,,,,,,,,,,,
11/3/2017,168965880,  MALIDENTA ,Ti?k?n? km.,VistaScan Mini Easy Image Plate Scanner,J354343157,Art?ras,1k/ metus,Yra,Taip,,8/30/2023,8/30/2024,patikros reikia,,,,,,,,,,,,
11/3/2017,168965880,  MALIDENTA ,Ti?k?n? km.,Kompresorius Tornado 2 su membr.džiov.,J369166030,Art?ras,1k/ metus,Yra,Taip,,12/1/2025,12/1/2026,?,,,,,,,,,,,,
3/5/2014,168965880,  MALIDENTA ,Ti?k?n? km.,Centrinis siurblys  V250 (sausas),,Art?ras,1k/ metus,Yra,Taip,,12/1/2025,12/1/2026,tik vienam dar?me ,,,,,,,,,,,,
5/9/2014,168965880,  MALIDENTA ,Ti?k?n? km.,Vario DGArm S 30cm,2912VF3955,Art?ras,1k/ metus,Yra,Taip,,2/17/2025,2/17/2026,,,,,,,,,,,,,
,,  MALIDENTA ,Ti?k?n? km.,Sirona Heliodent Vario,03019,Art?ras,1k/ metus,Yra,Taip,,2/17/2025,2/17/2026,,,,,,,,,,,,,
,,  MALIDENTA ,Ti?k?n? km.,Odontologijos centras Sirona C8+,11123,Art?ras,1k/ metus,Yra,Taip,,8/30/2023,8/30/2024,patikros reikia,,,,,,,,,,,,
,,  MALIDENTA ,Ti?k?n? km.,Odontologijos centras Sirona C8+,13401,Art?ras,1k/ metus,Yra,Taip,,8/30/2023,8/30/2024,patikros reikia,,,,,,,,,,,,
,,  MALIDENTA ,Ti?k?n? km.,Odontologijos centras Sirona C8,010275,Art?ras,1k/ metus,Yra,Taip,,8/30/2023,8/30/2024,patikros reikia,,,,,,,,,,,,
,,  MALIDENTA ,Ti?k?n? km.,Autoklavas Siroklav B,4280,Art?ras,1k/ metus,Yra,Taip,,2/17/2025,2/17/2026,,,,,,,,,,,,,
,,,,,,,,,,,,,,,,,,,,,,,,,
3/19/2018,302582260,"Dentalklinika,",Savanori? pr. Vilnius,VistaScan Mini Easy Image Plate sc. 2017,J365554183,Tomas,1k/ metus,N?ra,Taip,"patikrinta, veikia tvarkingai",7/22/2025,7/22/2026,atlikta,,,,,,,,,,,,
2/19/2018,302582260,"Dentalklinika,",Savanori? pr. Vilnius,Kompresorius Tornado 2 su membr.džiov.,,Tomas,1k/ metus,N?ra,Taip,Pakeisti filtrai,7/25/2025,7/25/2026,atlikta,,,,,,,,,,,,
12/8/2022,305644151,"Dentalklinika,",Savanori? pr. Vilnius,Dentalinis rentgenas VistaIntra DC 2022,P204406982,Tomas,1k/ metus,N?ra,Ne,,20225-07-22,7/22/2026,atlikta,,,,,,,,,,,,
,305644151,"Dentalklinika,",Savanori? pr. Vilnius,Vistavox 3D 2022,P473972008,Tomas,1k/ metus,N?ra,Ne,,20225-07-22,7/22/2026,atlikta,,,,,,,,,,,,
,,,,,,,,,,,,,,,,,,,,,,,,,
4/17/2019,302612337, Narema,"H. Manto g. 6A, Klaip?da",VistaScan Mini Easy Image Plate Scanner,,Art?ras,1k/ metus,N?ra,Ne,Aušra +370 611 31 249,7/11/2025,7/11/2026,atlikta,,,,,,,,,,,,
9/17/2012,302612337, Narema,"H. Manto g. 6A, Klaip?da",Sirona Heliodent Vario DG,2707VF1822,Art?ras,1k/ metus,Taip,,,12/12/2024,12/12/2025,,,,,,,,,,,,,
4/17/2019,302612337, Narema,"H. Manto g. 6A, Klaip?da",Kompresorius Tornado 2 su membr.džiov.,,Art?ras,1k/ metus,N?ra,Ne,,1/11/2025,1/11/2026,,,,,,,,,,,,,
,302612337, Narema,"H. Manto g. 6A, Klaip?da",turi kavo ked? iš biomedikos,,Art?ras,1k/ metus,N?ra,Ne,,,5/15/2023,,,,,,,,,,,,,
,302612337, Narema,"H. Manto g. 6A, Klaip?da",turi sironos ked? is Baltmed  C8+,,Art?ras,1k/ metus,N?ra,Ne,,,5/15/2023,,,,,,,,,,,,,
4/17/2019,302612337, Narema,"H. Manto g. 6A, Klaip?da",Autoklavas  DOMINA PLUS B,,Art?ras,1k/ metus,N?ra,Ne,,1/11/2025,1/11/2026,,,,,,,,,,,,,
,,,,,,,,,,,,,,,,,,,,,,,,,
7/18/2019,303852374, Dailidenta,"Pylimo 32-16, Vilniaus m.",VistaScan Mini Easy Image Plate Scanner,L406230138,Art?ras,1k/ metus,Yra,Taip,37069818617,,8/18/2025,patikros reikia,,,,,,,,,,,,
7/18/2019,303852374, Dailidenta,"Švitrigailos g. 11K-109, Vilniaus m.",Dentalinis rentgenas VistaIntra DC  alk?,L204402404,Art?ras,1k/ metus,Yra,Taip,37069818617,,8/18/2025,patikros reikia,,,,,,,,,,,,
,,,,,,,,,,,,,,,,,,,,,,,,,
,,,,,,,,,,,,,,,,,,,,,,,,,
8/22/2019,304891921, Odentika,"J. K. Chodkevi?iaus g. 26-2, Kretinga",VistaScan Mini Easy Image Plate Scanner,K387419010,Art?ras,1k/ metus,N?ra,Ne,Jaunius +370 611 42 686,11/12/2025,,,,,,,,,,,,,,
,,,,Ižlydimo aparatas Domina ,,,,,,,,11/13/2026,,,,,,,,,,,,,
,304891921, Odentika,"J. K. Chodkevi?iaus g. 26-2, Kretinga",Domina PLUS B,,Art?ras,1k/ metus,N?ra,Ne,,11/12/2025,11/12/2026,,,,,,,,,,,,,
,,,,,,,,,,,,,,,,,,,,,,,,,
10/21/2019,302915996, Jurgitos Rankauskait?s odontologijos kabinetas,"Kudirkos g.54, Šakiai",VistaScan Mini Easy Image Plate Scanner,L412778094,Art?ras,1k/ metus,N?ra,Ne,,,3/20/2024,nenaudoja,,,,,,,,,,,,
1/2/2013,302915996, Jurgitos Rankauskait?s odontologijos kabinetas,"Kudirkos g.54, Šakiai",Cattani kompresorius,,Art?ras,1k/ metus,N?ra,Ne,,,3/20/2024,,,,,,,,,,,,,
10/21/2019,302915996, Jurgitos Rankauskait?s odontologijos kabinetas,"Kudirkos g.54, Šakiai",Dentalinis rentgenas VistaIntra DC  alk?,L204402522,Art?ras,1k/ metus,Yra,Ne,,2/11/2025,2/11/2026,,,,,,,,,,,,,
1/2/2013,302915996, Jurgitos Rankauskait?s odontologijos kabinetas,"Kudirkos g.54, Šakiai",Odontologijos centras C8+,,Art?ras,1k/ metus,N?ra,Ne,,7/1/2025,,genda k?d? ,,,,,,,,,,,,
,,,,,,,,,,,,,,,,,,,,,,,,,
12/2/2019,181384061,"Grigiški? sveikatos prieži?ros centras, ","Mokyklos g. 10, Grigišk?s, LT-27105",VistaScan Mini Easy Image Plate Scanner,L415521040,Arturas,1k/ metus,Yra,Taip,,3/26/2025,3/26/2026,,,,,,,,,,,,,
12/2/2019,181384061,"Grigiški? sveikatos prieži?ros centras, ","Mokyklos g. 10, Grigišk?s, LT-27105",Dentalinis rentgenas VistaIntra DC  alk?,L204402741,Arturas,1k/ metus,Yra,Taip,,3/26/2025,3/26/2026,,,,,,,,,,,,,
12/2/2019,181384061,"Grigiški? sveikatos prieži?ros centras, ","Mokyklos g. 10, Grigišk?s, LT-27105",Programines irangos prieziura,,Arturas,1k/ metus,Yra,Taip,,6/30/2025,6/30/2026,,,,,,,,,,,,,
7/9/2019,181384061,"Grigiški? sveikatos prieži?ros centras, ","Mokyklos g. 10, Grigišk?s, LT-27105",Odontologijos centras INTEGO,,Gedvilas,1k/ m?nes?,Yra,Taip,,,nebereikia,,,,,,,,,,,,,
10/30/2017,181384061,"Grigiški? sveikatos prieži?ros centras, ","Mokyklos g. 10, Grigišk?s, LT-27105",Odontologijos centras INTEGO,,Gedvilas,1k/ m?nes?,Yra,Taip,,,nebereikia,,,,,,,,,,,,,
,,"Grigiški? sveikatos prieži?ros centras, ","Mokyklos g. 10, Grigišk?s, LT-27105",Odontologijos centras INTEGO,,Gedvilas,1k/ m?nes?,Yra,Taip,,,nebereikia,,,,,,,,,,,,,
12/2/2019,181384061,"Grigiški? sveikatos prieži?ros centras, ","Mokyklos g. 10, Grigišk?s, LT-27105",VS600 siurblys,F2 8437018,Arturas,1k/ metus,Yra,Taip,,7/21/2025,7/21/2026,,,,,,,,,,,,,
,,"Grigiški? sveikatos prieži?ros centras, ","Mokyklos g. 10, Grigišk?s, LT-27105",Ultragarsin? vonel?,,Gedvilas,1k/ metus,Yra,Taip,,7/28/2025,7/28/2026,,,,,,,,,,,,,
3/3/2025,,"Grigiški? sveikatos prieži?ros centras, ","Mokyklos g. 10, Grigišk?s, LT-27105",DAC Universal,,,,,,Naujas,5/26/2025,,,,,,,,,,,,,,
,,,,,,,,,,,,,,,,,,,,,,,,,
10/27/2020,305574952, JOLUKŠ?,"Birut?s g. 22-325, Klaip?dos m.",VistaScan Mini Easy Image Plate Scanner,M441126024,Gedvilas,1k/ metus,N?ra,Taip,UAB Jolukse +370 688 15 433,2/1/2026,2/1/2027,,,,,,,,,,,,,
9/14/2020,305574952, JOLUKŠ?,"Birut?s g. 22-325, Klaip?dos m.",Kompresorius Tornado 2 su membr.džiov.,M430713015,Gedvilas,1k/ metus,N?ra,Taip,,2/2/2026,2/2/2027,,,,,,,,,,,,,
10/12/2020,305574952, JOLUKŠ?,"Birut?s g. 22-325, Klaip?dos m.",Autoklavas  DOMINA PLUS B,,Gedvilas,1k/ metus,N?ra,Taip,,2/3/2026,2/3/2027,,,,,,,,,,,,,
10/27/2020,305574952, JOLUKŠ?,"Birut?s g. 22-325, Klaip?dos m.",Dentalinis rentgenas VistaIntra DC  alk?,M204403661,Gedvilas,1k/ metus,N?ra,Taip,,2/4/2026,2/4/2027,,,,,,,,,,,,,
9/1/2020,305574952, JOLUKŠ?,"Birut?s g. 22-325, Klaip?dos m.",Odontologijos centras INTEGO,255591,Gedvilas,1k/ metus,N?ra,Taip,,2/5/2026,2/5/2027,,,,,,,,,,,,,
9/1/2020,305574952, JOLUKŠ?,"Birut?s g. 22-325, Klaip?dos m.",Odontologijos centras INTEGO,255592,Gedvilas,1k/ metus,N?ra,Taip,,2/6/2026,2/6/2027,,,,,,,,,,,,,
,,,,,,,,,,,,,,,,,,,,,,,,,
1/10/2021,, Aurodenta,Plunge,Durr Dental VistaVox  3D panoraminis ren,,,,,,Aurodenta Nerijus +370 601 29 222,7/22/2025,7/22/2026,upgrade 3.0 padarytas ,,,,,,,,,,,,
1/11/2021,111568069, Aurodenta,Plunge,VistaScan Mini Easy Image Plate Scanner,,,1k/ metus,,,,7/22/2025,7/22/2026,patikra ,,,,,,,,,,,,
,,,,,,,,,,,,,,,,,,,,,,,,,
2/22/2021,301733670, Pažangios odont. metropolis,"Naugarduko g. 8-16, Vilnius",VistaScan Mini Easy Image Plate Scanner,N444663145,valdas,1k/ metus,Yra,Taip,tel +370 699 53229,7/22/2025,7/22/2026,upgrade Vistasoft 4.0 versija apmoekta ,,,,,,,,,,,,
,,,,,,,,,,,,,,,,,,,,,,,,,
7/7/2021,2462175,MB Vilniaus ortodontijos centras,"Latvi? g. 8, Vilnius",VistaScan Mini Easy Image Plate Scanner,M430563077,Tomas,1k/ metus,,Taip,,11/8/2025,11/8/2026,,,,,,,,,,,,,
10/29/2020,2462175,MB Vilniaus ortodontijos centras,"Latvi? g. 8, Vilnius",Dentalinis rentgenas VistaIntra DC  alk?,M204403662,Tomas,1k/ metus,,Taip,,11/8/2025,11/8/2026,,,,,,,,,,,,,
,,MB Vilniaus ortodontijos centras,"Latvi? g. 8, Vilnius",Durr užlydymo aparatas,N457763032,Tomas,1k/ metus,,Taip,,11/8/2025,11/8/2026,,,,,,,,,,,,,
,,,,,,,,,,,,,,,,,,,,,,,,,
7/16/2021,305512623,MB Nerijaus Aleinikovo odontologijos namai,"Lakštingalos g. 8, Mol?tai",VistaScan Mini Easy Image Plate Scanner,445714060,Gedvilas,1k/ metus,N?ra,Ne,,9/11/2025,9/11/2026,Upgrade 3.0 spft ,,,,,,,,,,,,
8/10/2020,305512623,MB Nerijaus Aleinikovo odontologijos namai,"Lakštingalos g. 8, Mol?tai",Kompresorius Tornado 1su membr.džiov.,M424678047,Gedvilas,1k/ metus,N?ra,Ne,,9/11/2025,9/11/2026,,,,,,,,,,,,,
8/10/2020,305512623,MB Nerijaus Aleinikovo odontologijos namai,"Lakštingalos g. 8, Mol?tai",Centrinis siurblys VS 300 S (šlapias),M423147133,Gedvilas,1k/ metus,N?ra,Ne,,9/11/2025,9/11/2026,,,,,,,,,,,,,
8/10/2020,305512623,MB Nerijaus Aleinikovo odontologijos namai,"Lakštingalos g. 8, Mol?tai",Autoklavas  DOMINA PLUS B,PB021076,Gedvilas,1k/ metus,N?ra,Ne,,9/11/2025,9/11/2026,,,,,,,,,,,,,
7/16/2021,305512623,MB Nerijaus Aleinikovo odontologijos namai,"Lakštingalos g. 8, Mol?tai",Dentalinis rentgenas VistaIntra DC  alk?,204404959,Gedvilas,1k/ metus,Yra,Ne,,9/11/2025,9/11/2026,,,,,,,,,,,,,
7/7/2020,305512623,MB Nerijaus Aleinikovo odontologijos namai,"Lakštingalos g. 8, Mol?tai",Odontologijos centras INTEGO,254919,Gedvilas,1k/ metus,N?ra,Ne,,9/11/2025,9/11/2026,,,,,,,,,,,,,
,305512623,MB Nerijaus Aleinikovo odontologijos namai,"Lakštingalos g. 8, Mol?tai",Užlydymo aparatas ThermoSealer,NS000687,Gedvilas,1k/ metus,N?ra,Ne,,9/11/2025,9/11/2026,,,,,,,,,,,,,
9/28/2023,305512623,MB Nerijaus Aleinikovo odontologijos namai,"Lakštingalos g. 8, Mol?tai",NWT Antgalis 1:1 kampinis,MB0000334AL,Gedvilas,,,,,,,,,,,,,,,,,,,
,,,,,,,,,,,,,,,,,,,,,,,,,
11/9/2022,305215935, Kašton? klinika,"Kašton? g. 2-30, Vilnius",VistaScan Mini Easy Image Plate Scanner,SN445715041,Tomas,1k/ metus,N?ra,Taip,"Pirkta 2022, garantinis",10/8/2024,11/5/2025,,,,,,,,,,,,,
,,,,,,,,,,,,,,,,,,,,,,,,,
5/5/2020,123229678, Dant? technikos laboratorija Denticija,"Vilniaus g. 25, Vilnius",Kompresorius Quattro Tandem su  2 su mem,M423127015,,1k/ metus,,,,,10/30/2025,,,,,,,,,,,,,
,,,,,,,,,,,,,,,,,,,,,,,,,
,,,,,,,,,,,,,,,,,,,,,,,,,
,110503937, Denticija,"Kovo 11-os,49  Kaunas",VS 1200 S Central ,P477004008,Art?ras,1k/ metus,,,Naujas nuo2024,2024,,,,,,,,,,,,,,
,110503937, Denticija,"Kovo 11-os,49  Kaunas",VS 1200 S Central ,P477004007,Art?ras,1k/ metus,,,Naujas nuo2024,2024,,,,,,,,,,,,,,
,110503937, Denticija,"Kovo 11-os,49  Kaunas",Kompresorius Quattro Tandem su  2 membr.,P464136034,Art?ras,1k/ metus,,,atvežtas iš Grybo,2024,,,,,,,,,,,,,,
12/5/2022,110503937, Denticija,"Kovo 11-os,49  Kaunas",Autoklavas  DOMINA PLUS B,22894,Art?ras,1k/ metus,Yra,Taip,Tvarkinga,5/26/2025,5/26/2026,Atlikta,,,,,,,,,,,,
7/8/1905,110503937, Denticija,"Kovo 11-os,49  Kaunas",Plokšteli? skaitytuvas Durr 2016,H345298117,Art?ras/Gedvilas,1k/ metus,N?ra,Ne,Tvarkinga,8/13/2025,8/13/2026,Atlikta,,,,,,,,,,,,
1/3/2023,110503937, Denticija,Sm?lio g. 20 Vilnius,Kompresorius Quattro Tandem su  2 membr.2022,P477052006,Art?ras/Gedvilas,1k/ metus,N?ra,Ne,Tvarkinga,6/10/2023,6/10/2024,patikros reikia,,,,,,,,,,,,
1/3/2023,110503937, Denticija,Sm?lio g. 20 Vilnius,Kompresorius Quattro Tandem su 1 membr.d 2019,P474552008,Art?ras/Gedvilas,1k/ metus,N?ra,Ne,Tvarkinga,6/10/2023,6/10/2024,patikros reikia,,,,,,,,,,,,
,110503937, Denticija,Sm?lio g. 20 Vilnius,Plokšteli? skaitytuvas Durr,J356932092,Art?ras/Gedvilas,1k/ metus,N?ra,Ne,Tvarkinga,3/27/2025,3/27/2026,,,,,,,,,,,,,
12/30/2021,110503937, Denticija,Sm?lio g. 20 Vilnius,Tornado Quattro kompresorius,,Art?ras/Gedvilas,1k/ metus,N?ra,Ne,Tvarkinga,6/10/2023,6/10/2024,patikros reikia,,,,,,,,,,,,
3/28/2023,110503937, Denticija,Sm?lio g. 20 Vilnius,Kompresorius Quattro Tandem su 1 membr.d,R478411007,Art?ras/Gedvilas,1k/ metus,N?ra,Ne,Tvarkinga,6/10/2023,6/10/2024,patikros reikia,,,,,,,,,,,,
12/2/2015,110503937, Denticija,Sm?lio g. 20 Vilnius,Durr siurblys VS 600 2015,F327640110,Art?ras/Gedvilas,1k/ metus,N?ra,Ne,Tvarkinga,6/10/2023,6/10/2024,patikros reikia,,,,,,,,,,,,
12/2/2015,110503937, Denticija,Sm?lio g. 20 Vilnius,Durr siurblys VS 600 2011,B226522109,Art?ras/Gedvilas,1k/ metus,N?ra,Ne,Tvarkinga,6/10/2023,6/10/2024,patikros reikia,,,,,,,,,,,,
12/2/2015,110503937, Denticija,Sm?lio g. 20 Vilnius,VS 900 S Central 2015,F328471024,Art?ras/Gedvilas,1k/ metus,N?ra,Ne,Tvarkinga,6/10/2023,6/10/2024,patikros reikia,,,,,,,,,,,,
12/2/2015,110503937, Denticija,Sm?lio g. 20 Vilnius,VS 900 S Central 2021,N460385012,Art?ras/Gedvilas,1k/ metus,N?ra,Ne,Tvarkinga,6/10/2023,6/10/2024,patikros reikia,,,,,,,,,,,,
4/28/2022,110503937, Denticija,Sm?lio g. 20 Vilnius,VS 900 S Central 2022,P465789022,Art?ras/Gedvilas,1k/ metus,N?ra,Ne,Tvarkinga,6/10/2023,6/10/2024,patikros reikia,,,,,,,,,,,,
1/23/2023,110503937, Denticija,Laisves g. 10 Vilnius,VS 900S Central 2015,F328471005,Art?ras/Gedvilas,1k/ metus,N?ra,Ne,Tvarkinga,6/10/2023,6/10/2024,patikros reikia,,,,,,,,,,,,
1/23/2023,110503937, Denticija,Sm?lio g. 20 Vilnius,VS 1200 S Central ,,Art?ras/Gedvilas,1k/ metus,N?ra,Ne,Tvarkinga,6/10/2023,6/10/2024,patikros reikia,,,,,,,,,,,,
1/23/2023,110503937, Denticija,Sm?lio g. 20 Vilnius,VS 1200 S Central 2022,P477004006,Art?ras/Gedvilas,1k/ metus,N?ra,Ne,Tvarkinga,6/10/2023,6/10/2024,patikros reikia,,,,,,,,,,,,
,110503937, Denticija,Sm?lio g. 20 Vilnius,Užlydymo aparatas Durr 2021,P465703035,Art?ras/Gedvilas,1k/ metus,N?ra,Ne,Tvarkinga,7/24/2023,7/24/2024,Atlikta,,,,,,,,,,,,
,110503937, Denticija,Sm?lio g. 20 Vilnius,Užlydymo aparatas Durr,N459454072,Art?ras/Gedvilas,1k/ metus,N?ra,Ne,Tvarkinga,7/16/2025,7/16/2026,Atlikta,,,,,,,,,,,,
,110503937, Denticija,Laisv?s g. 10 Vilnius,Užlydymo aparatas Durr 2022,N449212072,Art?ras/Gedvilas,1k/ metus,N?ra,Ne,Tvarkinga,7/17/2025,7/17/2026,Atlikta,,,,,,,,,,,,
7/11/2022,110503937, Denticija,Laisv?s g. 10 Vilnius,Kompresorius Trio su membr.2022,P469603008,Art?ras/Gedvilas,1k/ metus,N?ra,Ne,Tvarkinga,10/30/2024,10/30/2025,,,,,,,,,,,,,
,110503937, Denticija,Estu g. 1  Vilnius,Užlydymo aparatas Durr 2022,P468553012,Art?ras/Gedvilas,1k/ metus,N?ra,Ne,Tvarkinga,7/17/2025,7/17/2026,Atlikta,,,,,,,,,,,,
,110503937,,,,,,,,,,,,,,,,,,,,,,,,
,110503937, Denticija,Sm?lio g. 20 Vilnius,Plokšteli? skaitytuvas Durr,,Art?ras/Gedvilas,1k/ metus,N?ra,Ne,Tvarkinga,6/10/2023,6/10/2024,patikros reikia,,,,,,,,,,,,
,,,,,,,,,,,,,,,,,,,,,,,,,
10/23/2013,241847830, VDV odontologijos klinika,"S. Daukanto g.24A, Klaip?da",Cattani kompresorius,Jau nurašytas,,1k/ metus,,,,,,,,,,,,,,,,,,
,,,,,,,,,,,,,,,,,,,,,,,,,
6/19/2014,125985418,"Antakalnio stomatologijos centras, ","Antakalnio g.38-36, Vilnius",Cattani kompresorius,,Art?ras,1k/ metus,N?ra,Taip,,1/11/2023,1/11/2024,patikros reikia,,,,,,,,,,,,
5/23/2014,125985418,"Antakalnio stomatologijos centras, ","Antakalnio g.38-36, Vilnius",Odontologijos centras C8+,P,,1k/ metus,,,Baltmedas ?lind?s,,,,,,,,,,,,,,,
5/23/2014,125985418,"Antakalnio stomatologijos centras, ","Antakalnio g.38-36, Vilnius",Odontologijos centras C8+,B,,1k/ metus,,,Baltmedas ?lind?s,,,,,,,,,,,,,,,
,125985418,"Antakalnio stomatologijos centras, ","Antakalnio g.38-36, Vilnius",Siurblys VS 600,,Art?ras,1k/ metus,N?ra,Taip,,1/11/2023,1/11/2024,patikros reikia,,,,,,,,,,,,
,125985418,"Antakalnio stomatologijos centras, ","Antakalnio g.38-36, Vilnius",Siurblys VS 300,,Art?ras,1k/ metus,N?ra,Taip,,1/11/2023,1/11/2024,patikros reikia,,,,,,,,,,,,
,,,,,,,,,,,,,,,,,,,,,,,,,
7/3/2018,112021238,AB SEB bankas,"Gedimino pr. 12, Vilniaus m., Vilniaus m",Kompresorius DUO su membr.džiov.,,,1k/ metus,,,Daivos l ir Arturo pardavimai,,,,,,,,,,,,,,,
1/24/2017,112021238,AB SEB bankas,"Gedimino pr. 12, Vilniaus m., Vilniaus m",Kompresorius Tornado 2 su membr.džiov.,,,1k/ metus,,,,,,,,,,,,,,,,,,
1/24/2017,112021238,AB SEB bankas,"Gedimino pr. 12, Vilniaus m., Vilniaus m",Centrinis siurblys VS 300 S (šlapias),,,1k/ metus,,,,,,,,,,,,,,,,,,
7/3/2018,112021238,AB SEB bankas,"Gedimino pr. 12, Vilniaus m., Vilniaus m",Kombinuotas siurblys Durr VS600,,,1k/ metus,,,,,,,,,,,,,,,,,,
7/3/2018,112021238,AB SEB bankas,"Gedimino pr. 12, Vilniaus m., Vilniaus m",Kombinuotas siurblys Durr VS600,,,1k/ metus,,,,,,,,,,,,,,,,,,
7/3/2018,112021238,AB SEB bankas,"Gedimino pr. 12, Vilniaus m., Vilniaus m",Kombinuotas siurblys Durr VS600,,,1k/ metus,,,,,,,,,,,,,,,,,,
7/3/2018,112021238,AB SEB bankas,"Gedimino pr. 12, Vilniaus m., Vilniaus m",Autoklavas  DOMINA PLUS B,,,1k/ metus,,,,,,,,,,,,,,,,,,
6/8/2022,112021238,AB SEB bankas,"Konstitucijos pr. 24, Vilniaus m.",VistaVox S Ceph Hybrid 3D Unit rentgenas,,,1k/ metus,,,Tomo rentgenas,,,,,,,,,,,,,,,
3/20/2020,112021238,"Danvite plius, ","Gedimino pr. 12, Vilniaus m., Vilniaus m",Odontologijos centras INTEGO,254154,,1k/ metus,,,,,,,,,,,,,,,,,,
3/20/2020,112021238,"Danvite plius, ","Gedimino pr. 12, Vilniaus m., Vilniaus m",Odontologijos centras INTEGO,254155,,1k/ metus,,,,,,,,,,,,,,,,,,
7/26/2016,112021238,AB SEB bankas,"Gedimino pr. 12, Vilniaus m., Vilniaus m",Odontologijos centras INTEGO,2,,1k/ metus,,,,,,,,,,,,,,,,,,
7/26/2016,112021238,AB SEB bankas,"Gedimino pr. 12, Vilniaus m., Vilniaus m",Odontologijos centras INTEGO,1,,1k/ metus,,,,,,,,,,,,,,,,,,
7/3/2018,112021238,AB SEB bankas,"Gedimino pr. 12, Vilniaus m., Vilniaus m",Odontologijos centras INTEGO,NR2,,1k/ metus,,,,,,,,,,,,,,,,,,
8/9/2018,112021238,AB SEB bankas,"Gedimino pr. 12, Vilniaus m., Vilniaus m",Odontologijos centras INTEGO,244920  SP,,1k/ metus,,,,,,,,,,,,,,,,,,
8/9/2018,112021238,AB SEB bankas,"Gedimino pr. 12, Vilniaus m., Vilniaus m",Odontologijos centras INTEGO,244919  SP,,1k/ metus,,,,,,,,,,,,,,,,,,
1/24/2017,112021238,AB SEB bankas,"Gedimino pr. 12, Vilniaus m., Vilniaus m",Odontologijos centras INTEGO,,,1k/ metus,,,,,,,,,,,,,,,,,,
9/1/2017,112021238,AB SEB bankas,"Gedimino pr. 12, Vilniaus m., Vilniaus m",Odontologijos centras INTEGO,240666,,1k/ metus,,,,,,,,,,,,,,,,,,
9/1/2017,112021238,AB SEB bankas,"Gedimino pr. 12, Vilniaus m., Vilniaus m",Odontologijos centras INTEGO,240667,,1k/ metus,,,,,,,,,,,,,,,,,,
,,,,,,,,,,,,,,,,,,,,,,,,,
5/27/2013,300570238,I. Kniukštien?s I?,"Telši? g.21-3, Plung?",Kompresorius Tornado 2 su membr.džiov.,,Gedvilas,1k/ metus,N?ra,Ne,IK odontologijos kl +370 615 85 447,6/15/2022,6/15/2023,patikros reikia,,,,,,,,,,,,
6/28/2013,300570238,I. Kniukštien?s I?,"Telši? g.21-3, Plung?",Kompresorius Tornado 2 su membr.džiov.,,Gedvilas,1k/ metus,N?ra,Ne,"Galima pasi?lyti, nes daro patys",6/15/2022,6/15/2023,patikros reikia,,,,,,,,,,,,
6/15/2020,300570238,I. Kniukštien?s I?,"Telši? g.21-3, Plung?",Kompresorius Tornado 2 su membr.džiov.,M423272028,Gedvilas,1k/ metus,N?ra,Ne,"Galima pasi?lyti, nes daro patys",6/15/2022,6/15/2023,patikros reikia,,,,,,,,,,,,
3/24/2016,300570238,I. Kniukštien?s I?,"Telši? g.21-3, Plung?",Durr  Centrinis siurblys V 600 sausas,,Gedvilas,1k/ metus,N?ra,Ne,"Galima pasi?lyti, nes daro patys",6/15/2022,6/15/2023,patikros reikia,,,,,,,,,,,,
6/28/2013,300570238,I. Kniukštien?s I?,"Telši? g.21-3, Plung?",V 900 Central Suction machine,,Gedvilas,1k/ metus,N?ra,Ne,"Galima pasi?lyti, nes daro patys",6/15/2022,6/15/2023,patikros reikia,,,,,,,,,,,,
,,,,,,,,,,,,,,,,,,,,,,,,,
9/20/2016,FA-630,Algimantas Paliukas,,Odontologijos centras INTEGO SN 227148,PALIUKAS,,1k/ metus,N?ra,Ne,,,,,,,,,,,,,,,,
,,,,,,,,,,,,,,,,,,,,,,,,,
8/18/2021,125645636,D. Žiborto ?.?,"Naugardukog.76-107,Vilnius",Odontologijos centras INTEGO,261487,Gedvilas,1k/ metus,N?ra,Ne,,,7/10/2024,patikros reikia,,,,,,,,,,,,
6/15/2023,125645636,D. Žiborto ?.?,"Naugardukog.76-107,Vilnius",Kompresorius Tornado 2 su membr.džiov.,P469101048,Gedvilas,1k/ metus,N?ra,Taip,Naujas,7/3/2023,7/3/2024,patikros reikia,,,,,,,,,,,,
,125645636,D. Žiborto ?.?,"Naugardukog.76-107,Vilnius",Siurblys VS300,,Gedvilas,1k/ metus,N?ra,Ne,,7/10/2022,7/10/2024,patikros reikia,,,,,,,,,,,,
,,,,,,,,,,,,,,,,,,,,,,,,,
4/1/2015,300609844,"AR Baltic Medical, ","P.Lukšio 5B, Vilniaus m.,",Kompresorius Trio su membr.,,Art?ras,1k/ metus,N?ra,Taip,gali reik?ti bakteriologino filtro komplekto (brangesnis),7/28/2025,7/28/2026,,,,,,,,,,,,,
,,,,,,,,,,,,,,,,,,,,,,,,,
4/30/2021,224486420,J. Mal?navi?ien?s firma Joridenta,Justiniški? g. 103,Odontologijos centras INTEGO,258663,Gedvilas,1k/ metus,N?ra,Ne,,12/6/2024,12/6/2025,,,,,,,,,,,,,
,224486420,J. Mal?navi?ien?s firma Joridenta,Justiniški? g. 103,Odontologijos centras INTEGO,,Gedvilas,1k/ metus,N?ra,Ne,,11/11/2024,11/11/2025,,,,,,,,,,,,,
1/7/2020,224486420,J. Mal?navi?ien?s firma Joridenta,Justiniški? g. 103,Centrinis siurblys VS 300  L415901059,,Gedvilas,1k/ metus,N?ra,Ne,"Kompresoriui reikia sausintuvo (itališkas kažkoks, suorganizuoti)",,6/25/2024,patikros reikia,,,,,,,,,,,,
9/28/2017,5607010511,Jolanta Mal?navi?ien?,Justiniški? g. 103,Autoklavas  DOMINA PLUS B sn.017137,,Gedvilas,1k/ metus,N?ra,Ne,,12/6/2024,12/6/2025,,,,,,,,,,,,,
,,,,,,,,,,,,,,,,,,,,,,,,,
11/29/2017,174986822,J.Žeižien?s ind.stom.paslaug? ?mon?,"MICKEVI?IAUS 3-1, Šal?ininkai",Odontologijos centras INTEGO,SALC,Gedvilas,1k/ metus,N?ra,Ne,,,7/25/2024,patikros reikia,,,,,,,,,,,,
,,,,,,,,,,,,,,,,,,,,,,,,,
5/22/2017,300648726,I? Cepas,"Šilut?s pl. 79, Klaip?da",Kompresorius Tornado 1su membr.džiov.,J354119024,Art?ras,1k/ metus,N?ra,Taip,Cepas Arunas  +370 600 14 664,7/14/2023,7/14/2024,,,,,,,,,,,,,
,,,,,,,,,,,,,,,,,,,,,,,,,
6/25/2015,173733969,Juknien?s I?,"Jaunyst?s g.3-29, Rokiškis",Odontologijos centras C8+,,Art?ras,1k/ metus,Nera,Ne,,,4/30/2023,patikros reikia,,,,,,,,,,,,
9/7/2015,173733969,Juknien?s I?,"Jaunyst?s g.3-29, Rokiškis",Autoklavas  DOMINA PLUS B SN 15758,,Art?ras,1k/ metus,Nera,Ne,,,4/30/2023,patikros reikia,,,,,,,,,,,,
,,,,,,,,,,,,,,,,,,,,,,,,,
8/11/2015,300000494,L. Metrikio I?,"Klev? g. 6A, Klaip?dos m., Klaip?dos m.",Kompresorius Trio su membr.,,Gedvilas,1k/ metus,,,Klevu klinika Linas +370 650 32 022,2026-0201,2/1/2027,,,,,,,,,,,,,
,,,,,,,,,,,,,,,,,,,,,,,,,
9/20/2021,305633856,MB Romadenta,"S. N?ries g. 9, Rietavas",Odontologijos centras INTEGO (Bazalt),261822,Gedvilas,1k/ metus,N?ra,Ne,Roma +370 655 17 137,,3/8/2023,patikros reikia,,,,,,,,,,,,
9/20/2021,305633856,MB Romadenta,"S. N?ries g. 9, Rietavas",Autoklavas  DOMINA PLUS B,,Gedvilas,1k/ metus,N?ra,Ne,,,3/8/2023,patikros reikia,,,,,,,,,,,,
9/20/2021,305633856,MB Romadenta,"S. N?ries g. 9, Rietavas",Kompresorius Tornado 1su membr.džiov.,N452663046,Gedvilas,1k/ metus,N?ra,Ne,,,3/8/2023,patikros reikia,,,,,,,,,,,,
,,,,,,,,,,,,,,,,,,,,,,,,,
12/10/2019,306142326, DT Centras,"Vilties g. 9-2, Klaip?da",Kompresorius Tornado 2 su membr.džiov.,L416271009,Art?ras,1k/ metus,,,"klaipeda@dtcentras.lt, 860778758",4/25/2025,4/25/2026,,,,,,,,,,,,,
12/10/2019,306142326, DT Centras,"Vilties g. 9-2, Klaip?da",DurrCentrinis siurblys VS 600 šlapias,,Art?ras,1k/ metus,,,"klaipeda@dtcentras.lt, 860778759",4/25/2025,4/25/2026,,,,,,,,,,,,,
12/10/2019,306142326, DT Centras,"Vilties g. 9-2, Klaip?da",Autoklavas  DOMINA PLUS B,,Art?ras,1k/ metus,,,"klaipeda@dtcentras.lt, 860778760",4/25/2025,4/25/2026,,,,,,,,,,,,,
12/10/2019,306142326, DT Centras,"Vilties g. 9-2, Klaip?da",Odontologijos centras INTEGO,253494  M,Art?ras,1k/ metus,,,"klaipeda@dtcentras.lt, 860778761",7/9/2025,7/9/2026,,,,,,,,,,,,,
12/10/2019,306142326, DT Centras,"Vilties g. 9-2, Klaip?da",Odontologijos centras INTEGO,253495   M,Art?ras,1k/ metus,,,"klaipeda@dtcentras.lt, 860778762",,1/4/2025,patikros reikia,,,,,,,,,,,,
,,,,,,,,,,,,,,,,,,,,,,,,,
4/3/2018,304606023,"Telši? odontologijos namai, ","Muziejaus g. 18-1, LT-87341 Telšiai",Kompresorius Tornado 2 su membr.džiov.,,Art?ras,1k/ metus,N?ra,Ne,Baltmedas,5/15/2025,5/15/2026,,,,,,,,,,,,,
4/3/2018,304606023,"Telši? odontologijos namai, ","Muziejaus g. 18-1, LT-87341 Telšiai",Centrinis siurblys VS 300 S (šlapias),,Art?ras,1k/ metus,N?ra,Ne,Baltmedas,4/25/2025,4/25/2026,,,,,,,,,,,,,
,304606024,"Telši? odontologijos namai, ","Muziejaus g. 18-1, LT-87341 Telšiai",VistaVox,,Art?ras,1k/ metus,N?ra,Ne,M?s? Aidara +370 698 86 419,4/25/2025,4/25/2026,,,,,,,,,,,,,
4/3/2018,304606023,"Telši? odontologijos namai, ","Muziejaus g. 18-1, LT-87341 Telšiai",Rentgeno aparatas HELIODENT Plius,,Art?ras,1k/ metus,N?ra,Ne,Baltmedas,4/25/2025,4/25/2026,,,,,,,,,,,,,
,,,,,,,,,,,,,,,,,,,,,,,,,
9/19/2018,303134121,"Mol?t? r. pirmin?s sveikatos prieži?ros centras, ","Graužini? g. 2, Mol?tai",Odontologijos centras su skaleriu,,,1k/ metus,,,,,,,,,,,,,,,,,,
,303134121,"Mol?t? r. pirmin?s sveikatos prieži?ros centras, ","Graužini? g. 2, Mol?tai",Autoklavas Eurocem,,,1k/ metus,,,,,,,,,,,,,,,,,,
,,,,,,,,,,,,,,,,,,,,,,,,,
1/26/2023,304505921, Codantis,"Klaip?da, Liep? g. 50-6",Kompresorius Tornado 2 su membr.džiov.,P475198023,Art?ras,1k/ metus,,Taip,Naujas kompresorius,1/26/2023,9/26/2025,,,,,,,,,,,,,
,304505922, Codantis,"Klaip?da, Liep? g. 50-6",Sirona c8,,Art?ras,1k/ metus,,Ne,Codantis Šar?n? +370 681 14592,,9/26/2025,,,,,,,,,,,,,
,304505923, Codantis,"Klaip?da, Liep? g. 50-6",Intego (bet ne m?s?),,Art?ras,1k/ metus,,Ne,,,9/26/2025,,,,,,,,,,,,,
,, Codantis,"Klaip?da, Liep? g. 50-6",Sterilizatorius Domina Plus,,Art?ras,1k/ metus,,taip,,9/26/2024,9/26/2025,,,,,,,,,,,,,
,, Codantis,"Klaip?da, Liep? g. 50-6",Užlydymo aparatas,,,1k/ metus,,taip,,9/26/2024,9/26/2025,,,,,,,,,,,,,
,,,"Klaip?da, Liep? g. 50-7",Vistascan Mini Plus skaneris,,,2k/ metus,,,,1/30/2024,,,,,,,,,,,,,,
,,,,,,,,,,,,,,,,,,,,,,,,,
4/28/2016,111667277,"Nordea Finance Lithuania, ",Lvovo g. 25,Odontologijos centras INTEGO,,?,1k/ metus,,,,,,,,,,,,,,,,,,
5/18/2016,111667277,"Nordea Finance Lithuania, ",Lvovo g. 25,Odontologijos centras C8+,,?,1k/ metus,,,,,,,,,,,,,,,,,,
7/10/2015,111667277,"Nordea Finance Lithuania, ",Lvovo g. 25,"Rentgeno aparatas Vario DG, 30cm 230V",,?,1k/ metus,,,,,,,,,,,,,,,,,,
,,,,,,,,,,,,,,,,,,,,,,,,,
3/28/2023,123229678, D Labs,"Vilnius, Vilniaus g. 25",Kompresorius Quattro Tandem su 1 membr.d,R478411006,Art?ras,1k/ metus,N?ra,Taip,Filtr? komplektas,2/10/2025,2/10/2026,,,,,,,,,,,,,
,,,,,,,,,,,,,,,,,,,,,,,,,
2/22/2013,125495229,  Indr?s Aleksiej?nien?s ?mon?,"Islandijos g.2-14, Vilnius",Odontologijos centras C8+,,Art?ras,1k/ metus,N?ra,,"Senos k?d?s, patys atsisako",,,,,,,,,,,,,,,
,125495229,  Indr?s Aleksiej?nien?s ?mon?,"Islandijos g.2-14, Vilnius",Odontologijos centras C8+,,Art?ras,1k/ metus,N?ra,,"Senos k?d?s, patys atsisako",,,,,,,,,,,,,,,
,,,,,,,,,,,,,,,,,,,,,,,,,
4/1/2019,304289815, Dantistai,"Naujoji g. 6,  Gargždai",Cattani kompresorius su džiovintuvu,C1414300,Gedvilas,1k/ metus,N?ra,Ne,Dantistai Audrius +370 698 00 574,4/25/2025,4/25/2026,,,,,,,,,,,,,
4/1/2019,304289815, Dantistai,"Naujoji g. 6,  Gargždai",Centrinis siurblys VS 300 S (šlapias),,Gedvilas,1k/ metus,N?ra,Ne,,4/25/2025,4/25/2026,,,,,,,,,,,,,
7/8/2021,304289815, Dantistai,"Naujoji g. 6,  Gargždai",Dentalinis rentgenas VistaIntra DC  alk?,204404957,Gedvilas,1k/ metus,Yra,Ne,,4/25/2025,4/25/2026,,,,,,,,,,,,,
12/9/2019,304289815, Dantistai,"Naujoji g. 6, Gargždai",Durr Dental VistaPano  2D  rentgenas,L203700898,Gedvilas,1k/ metus,Yra,Ne,,4/25/2025,4/25/2026,,,,,,,,,,,,,
8/22/2016,304289815, Dantistai,"Naujoji g. 6, Gargždai",Odontologijos centras INTEGO,0130,Gedvilas,1k/ metus,N?ra,Ne,,4/25/2025,4/25/2026,,,,,,,,,,,,,
,304289815, Dantistai,"Naujoji g. 6,  Gargždai",Durr autoklavas,,Gedvilas,1k/ metus,N?ra,Ne,,4/25/2025,4/25/2026,,,,,,,,,,,,,
5/14/2019,304289815, Dantistai,"Naujoji g. 6,  Gargždai",Odontologijos centras INTEGO,250252,Gedvilas,1k/ metus,N?ra,Ne,,4/25/2025,4/25/2026,,,,,,,,,,,,,
,,,,,,,,,,,,,,,,,,,,,,,,,
2/27/2015,303229904, Futuri dentes,"Didžioji g. 11-16, Vilniaus m., Vilniaus",Odontologijos centras INTEGO,P,Art?ras,1k/ metus,N?ra,taip,,1/22/2024,1/22/2025,Patikra ,,,,,,,,,,,,
2/27/2015,303229904, Futuri dentes,"Didžioji g. 11-16, Vilniaus m., Vilniaus",Odontologijos centras INTEGO,B,Art?ras,1k/ metus,N?ra,taip,,1/22/2024,1/22/2025,Patrikra,,,,,,,,,,,,
5/28/2015,303229904, Futuri dentes,"Didžioji g. 11-16, Vilniaus m., Vilniaus",Rentgenas Vario DG Mobile 230V,,Art?ras,1k/ metus,N?ra,taip,,2/7/2025,2/7/2026,,,,,,,,,,,,,
5/29/2015,303229905, Futuri dentes,"Didžioji g. 11-16, Vilniaus m., Vilniaus",Užlydymo aparatas Newseal ,,,,,,,6/25/2025,6/25/2026,,,,,,,,,,,,,
5/28/2015,303229904, Futuri dentes,"Didžioji g. 11-16, Vilniaus m., Vilniaus",Autoklavas  DOMINA PLUS B,14213,Art?ras,1k/ metus,N?ra,taip,,10/1/2024,10/1/2025,,,,,,,,,,,,,
,303229904, Futuri dentes,"Didžioji g. 11-16, Vilniaus m., Vilniaus",Siurblys Catanni,,Art?ras,1k/ metus,N?ra,taip,,1/22/2024,1/22/2025,Patikra ,,,,,,,,,,,,
,303229904, Futuri dentes,"Didžioji g. 11-16, Vilniaus m., Vilniaus",Kompresorius Catanni,,Art?ras,1k/ metus,N?ra,taip,,1/22/2024,1/22/2025,Patikra ,,,,,,,,,,,,
,,,,,,,,,,,,,,,,,,,,,,,,,
7/31/2019,303386503, Dant? pašvaist?,"Rumpišk?s g.22B-47, Klaip?da",Kompresorius Tornado 1su membr.džiov. ir,L408189008,Tomas,1k/ metus,N?ra,Ne,Dantu pasvaiste Nerijus +370 656 73 600,,8/5/2023,Patikra ,,,,,,,,,,,,
,,,,,,,,,,,,,,,,,,,,,,,,,
12/21/2017,122747529, Baldentas,"Oland? g. 9-1, Vilnius",Odontologijos centras INTEGO,B,Gedvilas,1k/ metus,N?ra,Ne,Patikr? nedaro,,,,,,,,,,,,,,,
,,,,,,,,,,,,,,,,,,,,,,,,,
8/11/2015,302985350, E.Šatkut?s dant? technikos laboratorija ,"Taikos pr. 52-12, Klaip?da",Cattani kompresorius be džiovintuvo,,Art?ras,1k/ metus,N?ra,Ne,Egle +370 612 93 684,,8/5/2023,Patikra ,,,,,,,,,,,,
,302985350, E.Šatkut?s dant? technikos laboratorija ,"Taikos pr. 52-12, Klaip?da",Heracast IQ liejimo aparatas,,Art?ras,1k/ metus,N?ra,Ne,,,8/5/2023,Patikra ,,,,,,,,,,,,
,,,,,,,,,,,,,,,,,,,,,,,,,
7/29/2015,149780368, Danties linija,"S.Dariaus ir S. Gir?no g. 3-2, Alytus",Odontologijos centras C8+,,Gedvilas,1k/ metus,N?ra,Ne,ant klaustuko,,5/12/2023,Patikra ,,,,,,,,,,,,
4/13/2021,304975419, Danties linija plius,"S.Dariaus ir S.Gir?no g. 1-34, Alytaus m",Centrinis siurblys VS 300 S (šlapias),,Gedvilas,1k/ metus,N?ra,Ne,ant klaustuko,,5/12/2023,Patikra ,,,,,,,,,,,,
,,,,,,,,,,,,,,,,,,,,,,,,,
2017.05.02 00:00,121051579,Dant? gydytojo Liudo Arba?iausko ?mon?,"D.Gerbutavi?iaus g. 12-151, Vilnius",Centrinis siurblys VS 300 S (šlapias),,Gedvilas,1k/ metus,,,Sak? klientas pats išsivalys,,,,,,,,,,,,,,,
,,,,,,,,,,,,,,,,,,,,,,,,,
10/9/2013,302565599, Jurmedika,"Daukanto 24a, Klaip?da",Odontologijos centras C8+,,Art?ras,1k/ metus,N?ra,Ne,Jurmedika Mindaugas +370 688 31 625,,6/20/2023,Patikra ,,,,,,,,,,,,
5/12/2014,302565599, Jurmedika,"Daukanto 24a, Klaip?da",Odontologijos centras C8+,132780,Art?ras,1k/ metus,N?ra,Ne,pagal poreiki,,6/20/2023,Patikra ,,,,,,,,,,,,
7/29/2014,302565599, Jurmedika,"Daukanto 24a, Klaip?da",Odontologijos centras C8+,,Art?ras,1k/ metus,N?ra,Ne,pagal poreiki,,6/20/2023,Patikra ,,,,,,,,,,,,
3/30/2022,302565599, Jurmedika,"Daukanto 24a, Klaip?da",Odontologijos centras UnicLine S,,Art?ras,1k/ metus,N?ra,Ne,pagal poreiki,,6/20/2023,Patikra ,,,,,,,,,,,,
10/9/2013,302565599, Jurmedika,"Daukanto 24a, Klaip?da",Autoklavas  DOMINA PLUS B,,Art?ras,1k/ metus,N?ra,Taip,,7/11/2025,7/11/2026,atlikta,,,,,,,,,,,,
5/4/2023,302565599, Jurmedika,"Daukanto 24a, Klaip?da",Autoklavas  DOMINA PLUS B,,Art?ras,1k/ metus,N?ra,Taip,,7/11/2025,7/11/2026,atlikta,,,,,,,,,,,,
4/7/2021,302565599, Jurmedika,"Daukanto 24a, Klaip?da",Kombinuotas siurblys Durr VS600,N445484011,Art?ras,1k/ metus,N?ra,Ne,,12/18/2024,12/18/2025,Patikra ,,,,,,,,,,,,
10/9/2013,302565599, Jurmedika,"Daukanto 24a, Klaip?da",VS 900 Siurblys 2023,R491601003,Art?ras,1k/ metus,N?ra,Taip,,7/11/2025,7/11/2026,atlikta,,,,,,,,,,,,
,302565599, Jurmedika,"Daukanto 24a, Klaip?da",Sirona dentalinis Vario DG,22903VF3237,Art?ras,1k/ metus,N?ra,Taip,,7/11/2025,7/11/2026,atlikta,,,,,,,,,,,,
,302565599, Jurmedika,"Daukanto 24a, Klaip?da",Sirona panoraminis Orthophos XG  ,29512,Art?ras,1k/ metus,N?ra,Taip,,7/11/2025,7/11/2026,atlikta,,,,,,,,,,,,
,302565599, Jurmedika Holy,"Kretingos 96, Klaip?da",Kombinuotas siurblys Durr VS600 2024,S509839006,Art?ras,1k/ metus,,,Naujas,7/11/2025,7/11/2026,,,,,,,,,,,,,
,302565599, Jurmedika Holy,"Kretingos 96, Klaip?da",Kompresorius Tornado 130 2009,X001945,Art?ras,,,,,7/11/2025,7/11/2026,atlikta,,,,,,,,,,,,
,302565599, Jurmedika Holy,"Kretingos 96, Klaip?da",Vista Scan Mini Easy2.0 2025,T518556195,Art?ras,,,,Naujas,7/11/2025,7/11/2026,,,,,,,,,,,,,
4/4/2019,302565599, Jurmedika,"Daukanto 24a, Klaip?da",Kompresorius DUO  Tandem su membr.džiov.2018,K391908001,Art?ras,1k/ metus,N?ra,Ne,,7/11/2025,7/11/2026,atlikta,,,,,,,,,,,,
5/15/2025,302565599, Jurmedika Holy,"Kretingos 96, Klaip?da",VistaIntra DC 2024,S204410213,Art?ras,1k/ metus,N?ra,Ne,Naujas,5/15/2025,7/11/2026,,,,,,,,,,,,,
,,,,,,,,,,,,,,,,,,,,,,,,,
1/10/2023,300570238, IK odontologijos klinika,"Telši? g. 21-3, Plung?s m.",Kompresorius Trio su membr.,P475660018,Gedvilas,1k/ metus,N?ra,Taip,IK Odontologios kl. Marius +370  615 85 447,,1/10/2024,Patikra ,,,,,,,,,,,,
,,,,,,,,,,,,,,,,,,,,,,,,,
10/22/2019,302929483, Klaip?dos  odontologijos centras,"Verp?j? g. 2B, Klaip?da",Odontologijos centras INTEGO,252696,Gedvilas,1k/ metus,N?ra,Ne,KOC Tadas +370 692 12 187,12/12/2024,12/13/2025,,,,,,,,,,,,,
2020.07.21 00:00,302929483, Klaip?dos  odontologijos centras,"Verp?j? g. 2B, Klaip?da",Odontologijos centras INTEGO,255290,Gedvilas,1k/ metus,N?ra,Ne,,12/12/2024,12/13/2025,,,,,,,,,,,,,
2021.09.15 00:00,302929483, KLAIP?DOS ODONTOLOGIJOS CENTRAS,"Verp?j? g. 2B, Klaip?da",Odontologijos centras INTEGO,261821,Gedvilas,1k/ metus,N?ra,Ne,,12/12/2024,12/13/2025,,,,,,,,,,,,,
2013.03.27 00:00,302929483, KLAIP?DOS ODONTOLOGIJOS CENTRAS,"Verp?j? g. 2B, Klaip?da",Odontologijos centras C8+,,Gedvilas,1k/ metus,N?ra,Ne,,12/12/2024,12/13/2025,,,,,,,,,,,,,
2019.10.22 00:00,302929483, Klaip?dos  odontologijos centras,"Verp?j? g. 2B, Klaip?da",Kombinuotas siurblys Durr VS600,,Gedvilas,1k/ metus,N?ra,Ne,,12/12/2024,12/13/2025,,,,,,,,,,,,,
2013.03.27 00:00,302929483, KLAIP?DOS ODONTOLOGIJOS CENTRAS,"Verp?j? g. 2B, Klaip?da",Rentgeno apar. Heliodent Plus / XL=201cm,,Gedvilas,1k/ metus,Yra,taip,,12/12/2024,12/13/2025,,,,,,,,,,,,,
2013.03.27 00:00,302929483, KLAIP?DOS ODONTOLOGIJOS CENTRAS,"Verp?j? g. 2B, Klaip?da",Centrinis siurblys VS 300 S (šlapias),,Gedvilas,1k/ metus,N?ra,Ne,,12/12/2024,12/13/2025,,,,,,,,,,,,,
,,,,,,,,,,,,,,,,,,,,,,,,,
2022.02.17 00:00,303426570, Kadenta,"Kretingos g. 33-9, Klaip?da",Kompresorius Tornado 2 su membr.džiov.,N458425078,Art?ras,1k/ metus,N?ra,Ne,Codantis Šar?n? +370 681 14592,1/31/2026,1/31/2027,,,,,,,,,,,,,
,,,,,,,,,,,,,,,,,,,,,,,,,
2014.03.18 00:00,303254010, Aukštaitijos implantologijos klinika,"Ukmerg?s g. 14-3, Panev?žio m.,",Kompresorius su džiovintuvu,,,1k/ metus,,,Baltmedo perimti,,,,,,,,,,,,,,,
2014.04.29 00:00,303254010, Aukštaitijos implantologijos klinika,"Ukmerg?s g. 14-3, Panev?žio m.,",Cattani kompresorius be džiovintuvo,,,1k/ metus,,,Baltmedo perimti,,,,,,,,,,,,,,,
2014.03.18 00:00,303254010, Aukštaitijos implantologijos klinika,"Ukmerg?s g. 14-3, Panev?žio m.,",Sterilizatorius DOMINA PLUS B,,,1k/ metus,,,Baltmedo perimti,,,,,,,,,,,,,,,
2014.04.29 00:00,303254010, Aukštaitijos implantologijos klinika,"Ukmerg?s g. 14-3, Panev?žio m.,",Autoklavas  DOMINA PLUS B,,,1k/ metus,,,Baltmedo perimti,,,,,,,,,,,,,,,
2014.03.18 00:00,303254010, Aukštaitijos implantologijos klinika,"Ukmerg?s g. 14-3, Panev?žio m.,",Rentgeno aparatas Orthophos XG 3D,,,1k/ metus,,,Baltmedo perimti,,,,,,,,,,,,,,,
2014.04.29 00:00,303254010, Aukštaitijos implantologijos klinika,"Ukmerg?s g. 14-3, Panev?žio m.,",Vario DG Mobile 230V,,,1k/ metus,,,Baltmedo perimti,,,,,,,,,,,,,,,
2014.03.18 00:00,303254010, Aukštaitijos implantologijos klinika,"Ukmerg?s g. 14-3, Panev?žio m.,",Odontologijos centras C8+,,,1k/ metus,,,Baltmedo perimti,,,,,,,,,,,,,,,
2014.04.29 00:00,303254010, Aukštaitijos implantologijos klinika,"Ukmerg?s g. 14-3, Panev?žio m.,",Odontologijos centras C8+,,,1k/ metus,,,Baltmedo perimti,,,,,,,,,,,,,,,
,,,,,,,,,,,,,,,,,,,,,,,,,
2023.04.18 00:00,303017196, M?jdenta,Liepu g. 54 Klaipeda,Odontologijos centras INTEGO,369126,Art?ras,1k/ metus,N?ra,Taip,Liepu klinika Andrius +370 698 16 152,7/11/2025,7/11/2026,,,,,,,,,,,,,
2016.11.15 00:00,303017196, M?jdenta,Liepu g. 54 Klaipeda,Odontologijos centras INTEGO,,Art?ras,1k/ metus,N?ra,Taip,Tvarkinga,7/11/2025,7/11/2026,,,,,,,,,,,,,
,303017196, M?jdenta,Liepu g. 54 Klaipeda,Odontologijos centras INTEGO,,,,,,Naujas,1/7/2024,7/11/2026,,,,,,,,,,,,,
,303017196, M?jdenta,Liepu g. 54 Klaipeda,Odontologijos centras INTEGO,,,,,,Naujas,1/7/2024,7/11/2026,,,,,,,,,,,,,
2023.04.12 00:00,303017196, M?jdenta,Liepu g. 54 Klaipeda,Dentalinis rentgenas VistaIntra DC  alk?,P204407386,Art?ras,1k/ metus,N?ra,Taip,Tvarkinga,7/11/2025,7/11/2026,,,,,,,,,,,,,
2018.04.18 00:00,303017196, M?jdenta,Liepu g. 54 Klaipeda,Durr Dental VistaPano  2D  rentgenas,J203700399,Art?ras,1k/ metus,N?ra,Taip,Tvarkinga,7/11/2025,7/11/2026,,,,,,,,,,,,,
2016.11.15 00:00,303017196, M?jdenta,Liepu g. 54 Klaipeda,Autoklavas  DOMINA PLUS B,,Art?ras,1k/ metus,N?ra,Taip,Tvarkinga,7/11/2025,7/11/2026,,,,,,,,,,,,,
2016.11.15 00:00,303017196, M?jdenta,Liepu g. 54 Klaipeda,Centrinis siurblys VS 300 S (šlapias),,Art?ras,1k/ metus,N?ra,Taip,Tvarkinga,7/11/2025,7/11/2026,,,,,,,,,,,,,
2017.01.24 00:00,303017196, M?jdenta,Liepu g. 54 Klaipeda,Centrinis siurblys VS 300 S (šlapias),,Art?ras,1k/ metus,N?ra,Taip,Tvarkinga,7/11/2025,7/11/2026,,,,,,,,,,,,,
2017.01.24 00:00,303017196, M?jdenta,Liepu g. 54 Klaipeda,Centrinis siurblys VS 300 S (šlapias),,Art?ras,1k/ metus,N?ra,Taip,Naujas,1/7/2024,7/11/2026,,,,,,,,,,,,,
2017.01.24 00:00,303017196, M?jdenta,Liepu g. 54 Klaipeda,Centrinis siurblys VS 300 S (šlapias),,Art?ras,1k/ metus,N?ra,Taip,Naujas,1/7/2024,7/11/2026,,,,,,,,,,,,,
7/8/1905,303017196, M?jdenta,Liepu g. 54 Klaipeda,Sirona dentaliniai rentgenai Heliodent+,42308,Art?ras,1k/ metus,N?ra,Taip,Tvarkinga,7/11/2025,7/11/2026,,,,,,,,,,,,,
7/8/1905,303017196, M?jdenta,Liepu g. 54 Klaipeda,Sirona dentaliniai rentgenai Heliodent+,42284,Art?ras,1k/ metus,N?ra,Taip,Tvarkinga,7/11/2025,7/11/2026,,,,,,,,,,,,,
2016.11.15 00:00,303017196, M?jdenta,Liepu g. 54 Klaipeda,Kompresorius Tornado 2 su membr.džiov.,,Art?ras,1k/ metus,N?ra,Taip,Tvarkinga,7/11/2025,7/11/2026,,,,,,,,,,,,,
,,,,,,,,,,,,,,,,,,,,,,,,,
5/2/2023,4517985, Odontolog?,"V. Kudirkos g. 66B, Šiauliai",Odontologijos centras INTEGO,369010,Art?ras,1k/ metus,N?ra,Taip,Nauja,5/15/2025,5/15/2026,,,,,,,,,,,,,
2/4/2005,4517985, Odontolog?,"V. Kudirkos g. 66B, Šiauliai",Odontologijos centras C4,,Art?ras,1k/ metus,N?ra,Taip,,5/15/2025,5/15/2026,,,,,,,,,,,,,
,4517985, Odontolog?,"V. Kudirkos g. 66B, Šiauliai",Siurblys VS300,,Art?ras,1k/ metus,N?ra,Taip,,5/15/2025,5/15/2026,,Tokios prek?s n?ra Rivil?j,,,,,,,,,,,
,4517985, Odontolog?,"V. Kudirkos g. 66B, Šiauliai",Autoklavas SIROCLAVE,,Art?ras,1k/ metus,N?ra,Taip,,5/15/2025,5/15/2026,,,,,,,,,,,,,
3/7/2005,4517985, Odontolog?,"V. Kudirkos g. 66B, Šiauliai",Kompresorius Durr Tornado 2,,Art?ras,1k/ metus,N?ra,Taip,,,5/15/2026,,,,,,,,,,,,,
,,,,,,,,,,,,,,,,,,,,,,,,,
2020.06.30 00:00,124244754,  Karoliniški? poliklinika,Asanavi?i?t?s g. 27A,Dentalinis rentgeno aparatas Vista Intra,M204403474,Art?ras,1k/ metus,Ne,?,,,,priži?riLimeta ?,,,,,,,,,,,,
11/17/2023,124244754,  Karoliniški? poliklinika,Asanavi?i?t?s g. 27A,Panoraminis rentgenas VistaPano,P203702682,Art?ras,1k/ metus,Ne,?,,,,sutartis CPO380367-11846,,,,,,,,,,,,
7/22/2025,124244755,  Karoliniški? poliklinika,Asanavi?i?t?s g. 27A,VistaScan skaneris lazdyn? filialas,T523193063,Valdas,1k/ metus,NE ,,,2025 07 15 ,2026 08 01,Garantinis dar yra ,,,,,,,,,,,,
8/9/2024,124244754,  Karoliniški? poliklinika,Asanavi?i?t?s g. 27A,VistaScan skaneris  karoliniški? filialas,S504558075,Art?ras,1k/ metus,Ne,?,,,,sutartis CPO380367-11846,,,,,,,,,,,,
,,,,,,,,,,,,,,,,,,,,,,,,,
2021.01.29 00:00,124243990, Naujinink? poliklinika,Dariaus ir Gir?no g. 18,Panoraminis rentgenas,M203701394,Art?ras/Tomas,1k/ metus,N?ra,Taip,,2024.10.22,8/31/2025,išsiaiškinti ar yra sutartis,padarytas upgrade 3.0 versija,,,,,,,,,,,
2019.11.22 00:00,124243990, Naujinink? poliklinika,Dariaus ir Gir?no g. 18,Dentalinis rentgenas VistaIntra DC  alk?,L204402388,Art?ras/Tomas,1k/ metus,N?ra,Taip,,2024.10.22,8/31/2025,išsiaiškinti,,,,,,,,,,,,
2019.11.22 00:00,124243990, Naujinink? poliklinika,Dariaus ir Gir?no g. 18,Durr Vistaray 7 viziografas,L415635009,Art?ras/Tomas,1k/ metus,N?ra,Taip,,2024.10.22,8/31/2025,išsiaiškinti,,,,,,,,,,,,
2019.11.21 00:00,124243990, Naujinink? poliklinika,Dariaus ir Gir?no g. 18,Odontologijos centras INTEGO,252865,Art?ras/Tomas,1k/ metus,N?ra,Ne,,,9/10/2023,,,,,,,,,,,,,
2019.11.21 00:00,124243990, Naujinink? poliklinika,Dariaus ir Gir?no g. 18,Odontologijos centras INTEGO,252864,Art?ras/Tomas,1k/ metus,N?ra,Ne,,,9/10/2023,,,,,,,,,,,,,
2019.11.21 00:00,124243990, Naujinink? poliklinika,Dariaus ir Gir?no g. 18,Odontologijos centras INTEGO,252881,Art?ras/Tomas,1k/ metus,N?ra,Ne,,,9/10/2023,,,,,,,,,,,,,
2019.11.25 00:00,124243990, Naujinink? poliklinika,Dariaus ir Gir?no g. 18,Centrinis siurblys  V250 (sausas),,Art?ras/Tomas,1k/ metus,N?ra,Ne,,,9/10/2023,,,,,,,,,,,,,
5/12/2022,124243990, Naujinink? poliklinika,V. Sirokoml?s g. 8,Hygopac View užlydymo aparatas,P468553008,Art?ras,1k/ metus,,,,2025.04.22,2026/05,"neturi, utilizuotas",,,,,,,,,,,,
,,,,,,,,,,,,,,,,,,,,,,,,,
2014.12.17 00:00,301731566, Vimeta,"Ledos g. 27E-6, Užliedži? k., Kauno r. s",Odontologijos centras INTEGO,200508,Gedvilas,1k/ metus,N?ra,Ne,,,9/10/2023,Patikra ,,,,,,,,,,,,
,,,,,,,,,,,,,,,,,,,,,,,,,
2016.09.07 00:00,151343272, Bal?i?n? klinika,"P. Vai?ai?io g. 11, Marijampol?s m., Mar",Kompresorius Trio su membr.,,Art?ras,1k/ metus,N?ra,Ne,tvarko patys,,3/15/2023,Patikra ,,,,,,,,,,,,
2015.02.11 00:00,151343272, Bal?i?n? klinika,"P. Vai?ai?io g. 11, Marijampol?s m., Mar",DurrCentrinis siurblys VS 600 šlapias,,Art?ras,1k/ metus,N?ra,Ne,tvarko patys,,3/15/2023,Patikra ,,,,,,,,,,,,
2020.03.04 00:00,151343272, Bal?i?n? klinika,"P. Vai?ai?io g. 11, Marijampol?s m., Mar",DurrCentrinis siurblys VS 600 šlapias,,Art?ras,1k/ metus,N?ra,Ne,tvarko patys,,3/15/2023,Patikra ,,,,,,,,,,,,
,151343272, Bal?i?n? klinika,"P. Vai?ai?io g. 11, Marijampol?s m., Mar",Sterilizatorius DOMINA PLUS,,Art?ras,1k/ metus,N?ra,Ne,tvarko patys,,3/15/2023,Patikra ,,,,,,,,,,,,
,151343272, Bal?i?n? klinika,"P. Vai?ai?io g. 11, Marijampol?s m., Mar",Odontologijos centras INTEGO,,Art?ras,1k/ metus,N?ra,Ne,tvarko patys,,3/15/2023,Patikra ,,,,,,,,,,,,
,151343272, Bal?i?n? klinika,"P. Vai?ai?io g. 11, Marijampol?s m., Mar",Odontologijos centras INTEGO,,Art?ras,1k/ metus,N?ra,Ne,tvarko patys,,3/15/2023,Patikra ,,,,,,,,,,,,
,151343272, Bal?i?n? klinika,"P. Vai?ai?io g. 11, Marijampol?s m., Mar",Odontologijos centras INTEGO,,Art?ras,1k/ metus,N?ra,Ne,tvarko patys,,3/15/2023,Patikra ,,,,,,,,,,,,
,151343272, Bal?i?n? klinika,"P. Vai?ai?io g. 11, Marijampol?s m., Mar",Odontologijos centras C8,,Art?ras,1k/ metus,N?ra,Ne,tvarko patys,,3/15/2023,Patikra ,,,,,,,,,,,,
,151343272, Bal?i?n? klinika,"P. Vai?ai?io g. 11, Marijampol?s m., Mar",Odontologijos centras C8,,Art?ras,1k/ metus,N?ra,Ne,tvarko patys,,3/15/2023,Patikra ,,,,,,,,,,,,
,151343272, Bal?i?n? klinika,"P. Vai?ai?io g. 11, Marijampol?s m., Mar",Sirona Heliodent rentgenas,,Art?ras,1k/ metus,N?ra,Ne,tvarko patys,,3/15/2023,Patikra ,,,,,,,,,,,,
,,,,,,,,,,,,,,,,,,,,,,,,,
2021.05.05 00:00,173036870, A.Didžiulio odontologijos klinika,"Taikos g. 1-1, Rokiškis",Odontologijos centras INTEGO,258662,Art?ras,1k/ metus,N?ra,Ne,,,6/19/2024,Patikra ,,,,,,,,,,,,
,173036870, A.Didžiulio odontologijos klinika,"Taikos g. 1-1, Rokiškis",Sirona Heliodent Plius,10196,Art?ras,1k/ metus,Yra,Ne,,3/14/2025,4/18/2026,,,,,,,,,,,,,
,173036870, A.Didžiulio odontologijos klinika,"Taikos g. 1-1, Rokiškis",Odontologijos centras C8+,,Art?ras,1k/ metus,N?ra,Ne,,,6/19/2024,Patikra ,,,,,,,,,,,,
,173036870, A.Didžiulio odontologijos klinika,"Taikos g. 1-1, Rokiškis",Odontologijos centras A-DEC 300,,Art?ras,1k/ metus,N?ra,Ne,,3/14/2025,3/14/2026,,,,,,,,,,,,,
,, A.Didžiulio odontologijos klinika,"Taikos g. 1-1, Rokiškis",Sterilizatorius  DOMINA PLUS B,,Art?ras,1k/ metus,N?ra,Ne,,,6/19/2024,Patikra ,,,,,,,,,,,,
,,,,,,,,,,,,,,,,,,,,,,,,,
2014.04.14 00:00,302706473, AND Klinika,"Žirm?n? 107, Vilnius",Sterilizatorius  DOMINA PLUS B,,Art?ras,1k/ metus,N?ra,Taip,,9/10/2025,9/10/2026,,,,,,,,,,,,,
,302706473, AND Klinika,"Žirm?n? 107, Vilnius",Užlydymo aparatas New Seal,,Art?ras,1k/ metus,N?ra,Ne,,9/10/2025,9/10/2026,,,,,,,,,,,,,
,302706473, AND Klinika,"Žirm?n? 107, Vilnius",Dentalinis Rentgena VistaIntra 2023,R204408716,Art?ras,1k/ metus,,,,7/18/2025,7/18/2026,atlikta,,,,,,,,,,,,
,302706473, AND Klinika,"Žirm?n? 107, Vilnius",3D Rentgenas VistaVox 2023,R488776008,Art?ras,1k/ metus,,,,7/18/2025,7/18/2026,atlikta,,,,,,,,,,,,
,302706473, AND Klinika,"Žirm?n? 107, Vilnius",VistaScan 2024,S497485126,Art?ras,1k/ metus,,,,7/18/2025,7/18/2026,atlikta,,,,,,,,,,,,
,,,,,,,,,,,,,,,,,,,,,,,,,
2019.09.02 00:00,301533381,Bang? odontologijos klinika,"Bang? g. 7-3, LT-91250 Klaip?da",Odontologijos centras INTEGO,,Gedvilas,1k/ metus,N?ra,Ne,Bangu klinika Egle +370 698 28 854,5/15/2025,5/15/2026,,,,,,,,,,,,,
2021.02.03 00:00,301533381,Bang? odontologijos klinika,"Bang? g. 7-3, LT-91250 Klaip?da",Centrinis siurblys VS 300 S (šlapias),,Gedvilas,1k/ metus,N?ra,Ne,,5/15/2025,5/15/2026,,,,,,,,,,,,,
,,,,,,,,,,,,,,,,,,,,,,,,,
2017.11.14 00:00,124837110, J. E. Mileri? odontologijos klinika,"Algirdo g.13/8-16, Vilnius","Odontologijos centras INTEGO, 231113",,Gedvilas,1k/ metus,N?ra,Ne,,,11/10/2025,,,,,,,,,,,,,
2020.07.23 00:00,124837110, J. E. Mileri? odontologijos klinika,"Algirdo g.13/8-16, Vilnius",Autoklavas  DOMINA PLUS B,,Gedvilas,1k/ metus,N?ra,Taip,,2/4/2025,2/4/2026,,,,,,,,,,,,,
2017.02.07 00:00,124837110, J. E. Mileri? odontologijos klinika,"Algirdo g.13/8-16, Vilnius",Centrinis siurblys VS 300 S (šlapias),,Gedvilas,1k/ metus,N?ra,Ne,,,11/10/2025,,,,,,,,,,,,,
2017.03.13 00:00,124837110, J. E. Mileri? odontologijos klinika,"Algirdo g.13/8-16, Vilnius",Centrinis siurblys VS 300 S (šlapias),,Gedvilas,1k/ metus,N?ra,Ne,,11/10/2024,11/10/2025,,,,,,,,,,,,,
,124837110, J. E. Mileri? odontologijos klinika,"Algirdo g.13/8-16, Vilnius",Kompresorius Durr Tornado 2 su membr.,,Gedvilas,1k/ metus,N?ra,Taip,,10/8/2024,10/8/2025,,,,,,,,,,,,,
,,,,,,,,,,,,,,,,,,,,,,,,,
2019.12.18 00:00,305295237, Maj? odontologijos klinika,Aludari? g. Vilnius,Odontologijos centras INTEGO,253417,Gedvilas,1k/ metus,N?ra,Ne,"Nereikia patikr?, tvarko iš šalies kažkas. Jei suges, mok?s daugiau",,10/15/2022,,,,,,,,,,,,,
2019.12.18 00:00,305295237, Maj? odontologijos klinika,Aludari? g. Vilnius,Odontologijos centras INTEGO,253416,Gedvilas,1k/ metus,N?ra,Ne,"Nereikia patikr?, tvarko iš šalies kažkas. Jei suges, mok?s daugiau",,10/15/2022,,,,,,,,,,,,,
2020.01.23 00:00,305295237, Maj? odontologijos klinika,Aludari? g. Vilnius,Autoklavas  DOMINA PLUS B,,Gedvilas,1k/ metus,N?ra,Ne,"Nereikia patikr?, tvarko iš šalies kažkas. Jei suges, mok?s daugiau",,10/15/2022,,,,,,,,,,,,,
2020.01.23 00:00,305295237, Maj? odontologijos klinika,Aludari? g. Vilnius,DurrCentrinis siurblys VS 600 šlapias,,Gedvilas,1k/ metus,N?ra,Ne,"Nereikia patikr?, tvarko iš šalies kažkas. Jei suges, mok?s daugiau",,10/15/2022,,,,,,,,,,,,,
2020.01.23 00:00,305295237, Maj? odontologijos klinika,Aludari? g. Vilnius,Kompresorius Tornado 2 su membr.džiov.,L416271006,Gedvilas,1k/ metus,N?ra,Ne,"Nereikia patikr?, tvarko iš šalies kažkas. Jei suges, mok?s daugiau",,10/15/2022,,,,,,,,,,,,,
,,,,,,,,,,,,,,,,,,,,,,,,,
2017.06.14 00:00,151387774, Egl?s Kireilien?s klinika,"Kauno g. 78, Marijampol?s m., Marijampol",Kompresorius Tornado 2,J359497003,Tomas,1k/ metus,N?ra,Ne,Kontaktas: +370 610 41555. Daro prieži?ras kaziolai garažiniai. Atsisak?,,8/3/2023,Patikra ,,,,,,,,,,,,
,,,,,,,,,,,,,,,,,,,,,,,,,
2013.05.22 00:00,112027077,Misko klinika/Moliaris,Pam?nkalnio 40,Odontologijos centras C8+,,Gedvilas,1k/ metus,N?ra,Ne,,9/15/2024,9/15/2025,,,,,,,,,,,,,
2015.04.15 00:00,112027077,Misko klinika/Moliaris,Pam?nkalnio 40,Odontologinis centras Sirona C8+,,Gedvilas,1k/ metus,N?ra,Ne,,9/15/2024,9/15/2025,,,,,,,,,,,,,
2015.04.15 00:00,112027077,Misko klinika/Moliaris,Pam?nkalnio 40,Vario DG / Arm L=80cm,,Gedvilas,1k/ metus,N?ra,Ne,,9/12/2024,9/15/2025,,,,,,,,,,,,,
2013.05.22 00:00,,Misko klinika/Moliaris,Pam?nkalnio 40,Autoklavas  DOMINA PLUS B,,Gedvilas,1k/ metus,N?ra,Ne,,12/12/2024,12/13/2025,,,,,,,,,,,,,
2015.04.15 00:00,112027077,Misko klinika/Moliaris,Pam?nkalnio 40,DurrCentrinis siurblys VS 600 šlapias,,Gedvilas,1k/ metus,N?ra,Ne,,12/12/2024,12/13/2025,,,,,,,,,,,,,
2013.05.22 00:00,112027077,Misko klinika/Moliaris,Pam?nkalnio 40,Cattani kompresorius 2st.,,Gedvilas,1k/ metus,N?ra,Ne,,12/12/2024,12/13/2025,,,,,,,,,,,,,
2015.04.15 00:00,, Medicinos Bankas,Pam?nkalnio 40,Autoklavas  DOMINA PLUS B,,,1k/ metus,,,,12/12/2024,12/13/2025,,,,,,,,,,,,,
,,,,,,,,,,,,,,,,,,,,,,,,,
2016.10.10 00:00,302534422, L&B klinika,"Vilniaus g.43/4, Mol?tai",Kompresorius Tornado 2,,Art?ras,1k/ metus,N?ra,Ne,Mardentas per?m?s,,9/15/2023,,,,,,,,,,,,,
,302534422, L&B klinika,"Vilniaus g.43/4, Mol?tai",Odontologijos centras C8+,,Art?ras,1k/ metus,N?ra,Ne,Mardentas per?m?s,,9/15/2023,,,,,,,,,,,,,
,302534422, L&B klinika,"Vilniaus g.43/4, Mol?tai",Autoklavas  DOMINA PLUS B,,Art?ras,1k/ metus,N?ra,Ne,Mardentas per?m?s,,9/15/2023,,,,,,,,,,,,,
,, L&B klinika,"Vilniaus g.43/4, Mol?tai",Dentalinis rentgenas Vario DG,2602VA0394,Art?ras,1k/ metus,N?ra,Ne,,3/3/2025,3/3/2026,,,,,,,,,,,,,
,,,,,,,,,,,,,,,,,,,,,,,,,
2017.12.28 00:00,304315555, Rokiškio odontologijos klinika,"Respublikos 60, Rokiškis",Odontologijos centras INTEGO,P,Gedvilas,1k/ metus,N?ra,Nera irangos,,,9/19/2024,Patikra ,,,,,,,,,,,,
2017.10.30 00:00,304315555, Rokiškio  odontologijos klinika,"Respublikos 60, Rokiškis",Odontologijos centras INTEGO,,Gedvilas,1k/ metus,N?ra,Nera irangos,,,9/19/2024,Patikra ,,,,,,,,,,,,
2017.10.30 00:00,304315555, Rokiškio  odontologijos klinika,"Respublikos 60, Rokiškis",Užlydymo NewSeal,0263,Gedvilas,1k/ metus,N?ra,Ne,,7/28/2025,7/28/2026,atlikta,,,,,,,,,,,,
2016.09.27 00:00,304315555, Rokiškio  odontologijos klinika,"Respublikos 60, Rokiškis",Autoklavas  DOMINA PLUS B,017136,Gedvilas,1k/ metus,N?ra,Ne,,7/28/2025,7/28/2026,atlikta,,,,,,,,,,,,
2017.03.13 00:00,304315555, Rokiškio  odontologijos klinika,"Respublikos 60, Rokiškis",Centrinis siurblys VS 300 S (šlapias),,Gedvilas,1k/ metus,N?ra,Ne,Nenauduoja,,9/19/2024,,,,,,,,,,,,,
,,,,,,,,,,,,,,,,,,,,,,,,,
1/20/2023,304458934, Mindaugo laboratorija,"Liepojos g. 7-16, Klaip?dos m.",Kompresorius Tornado 2,R478880011,Gedvilas,1k/ metus,N?ra,Taip,Naujas,,1/20/2024,Patikra ,,,,,,,,,,,,
,,,,,,,,,,,,,,,,,,,,,,,,,
7/31/2013,303076789,Auktaitijos odontologijos namai,"Aušros 29, Rokiškis",Odontologijos centras C8+,,,1k/ metus,,,,,,Patikra ,,,,,,,,,,,,
7/31/2013,303076789,Auktaitijos odontologijos namai,"Aušros 29, Rokiškis",Autoklavas  DOMINA PLUS B,,,1k/ metus,,,,10/10/2024,10/10/2025,Patikra ,,,,,,,,,,,,
8/19/2013,303076789,Aukštaitijos odontologijos namai,"Aušros 29, Rokiškis",Centrinis siurblys VS 300 S (šlapias),,,1k/ metus,,,,,,Patikra ,,,,,,,,,,,,
,,,,,,,,,,,,,,,,,,,,,,,,,
11/22/2021,302668268, Technidanta,"Naudvariški? g.25, Maz?riški? km. Klaip?",Kompresorius Tornado 2 su membr.džiov.,N456907093,Gedvilas,1k/ metus,N?ra,Ne,Technidanta Giedrius +370 618 26 854,,11/22/2022,Patikra ,,,,,,,,,,,,
,,,,,,,,,,,,,,,,,,,,,,,,,
12/21/2017,124244035, Antakalnio poliklinika,"Antakalnio g.59, Vilnius",Odontologijos centras INTEGO,,,1k/ metus,,,Baltmedas aptarnauja,,,,,,,,,,,,,,,
,124244035, Antakalnio poliklinika,"Antakalnio g.59, Vilnius",Odontologijos centras INTEGO,,,,,,Baltmedas aptarnauja,,,,,,,,,,,,,,,
,,,,,,,,,,,,,,,,,,,,,,,,,
2017.12.21 00:00,304732552, Židentika,"G?li? g. 5-1, LT-39181 Pasvalys",Kompresorius Tornado 1su membr.džiov.,,Gedvilas,1k/ metus,N?ra,Ne,,2/5/2026,2/5/2027,,,,,,,,,,,,,
2017.12.21 00:00,304732552, Židentika,"G?li? g. 5-1, LT-39181 Pasvalys",Centrinis siurblys VS 300 S (šlapias),,Gedvilas,1k/ metus,N?ra,Ne,,2/5/2026,11/27/2025,,,,,,,,,,,,,
,304732552, Židentika,"G?li? g. 5-1, LT-39181 Pasvalys",Odontologijos centras INTEGO,,Gedvilas,1k/ metus,N?ra,Ne,,11/27/2024,2/5/2027,nedaryta,,,,,,,,,,,,
,,,,,,,,,,,,,,,,,,,,,,,,,
2016.08.30 00:00,135042056, Respublikin? Kauno ligonin?,"Hipodromo g. 13, Kauno m., Kauno m. sav.",Paciento k?d? INTEGO,,Gedvilas,1k/ metus,N?ra,Ne,Reikia sutarties,,-,,,,,,,,,,,,,
,,,,,,,,,,,,,,,,,,,,,,,,,
4/9/2014,177329059, Šilut?s pirmin?s sveikatos prieži?ros centras,"Rusn?s g. 1, Šilut?s m., Šilut?s r. sav.",Odontologijos centras C8+,0401,Gedvilas,1k/ metus,N?ra,Ne,Silutes pspc  Nida +370 653 69 373,,-,,,,,,,,,,,,,
,,,,,,,,,,,,,,,,,,,,,,,,,
,,,,,,,,,,,,,,,,,,,,,,,,,
3/12/2014,135714657,V. Šaikaus I?,"V?trung?s g. 6-44, Kauno m., Kauno m. sa",Rentgeno aparatas Vario DG / M=80cm,,Art?ras,1k/ metus,N?ra,Ne,Parduota klinika,,6/15/2023,,,,,,,,,,,,,
,,,,,,,,,,,,,,,,,,,,,,,,,
11/25/2014,302334628, Drag?n? odontologijos centras,"Drag?n? g.1, Klaip?da",DurrCentrinis siurblys VS 600 šlapias,,Art?ras,1k/ metus,N?ra,Ne,Dragunu od. c. Darius +370 687 38 844,,5/18/2023,Baltmed ,,,,,,,,,,,,
,,,,,,,,,,,,,,,,,,,,,,,,,
1/24/2020,302435285, LAUSIMA,"Atgimimo g. 39, LT-28138 Utena",Autoklavas  DOMINA PLUS B,+37061246475   F405,Gedvilas,1k/ metus,N?ra,Ne,,2025 01 02,2027 02 02,remontas ,,,,,,,,,,,,
,,,,,,,,,,,,,,,,,,,,,,,,,
1/30/2015,300155085, Processus,"Žiemgali? g. 3E, LT-48213 Kaunas",DurrCentrinis siurblys VS 600 šlapias,,,1k/ metus,,,"Nemokus, bet paskambinti",,,Patikra ,,,,,,,,,,,,
,,,,,,,,,,,,,,,,,,,,,,,,,
12/11/2018,304533881, Sversa,Architekt? g.56-101,Autoklavas  DOMINA PLUS B  sn.018099,,,1k/ metus,,,Reikia pasiskambinti,,,Patikra ,,,,,,,,,,,,
,,,,,,,,,,,,,,,,,,,,,,,,,
12/3/2015,302563541, Virginsta Zaras? odontologijos klinika,"Sporto g.14., Zarasai",Autoklavas  DOMINA PLUS B,,,1k/ metus,,,Reikia pasiskambinti,,,Patikra ,,,,,,,,,,,,
,,,,,,,,,,,,,,,,,,,,,,,,,
5/2/2016,124491377, A. Mackevi?iaus odont. klinika,"L. Stuokos-Gucevi?iaus g. 9-9, Vilniaus","Autoklavas  DOMINA PLUS B,     SN15717",,,1k/ metus,,,Reikia pasiskambinti,,,Patikra ,,,,,,,,,,,,
,,,,,,,,,,,,,,,,,,,,,,,,,
4/16/2014,303222354, LOLIDENTA,"Stoties g-v? ,49 Pasvalys",Autoklavas  DOMINA PLUS B,,,1k/ metus,,,Reikia pasiskambinti,,,Patikra ,,,,,,,,,,,,
,,,,,,,,,,,,,,,,,,,,,,,,,
8/12/2020,300768437, Šiuolaikin?s odontologijos centras,"J. Basanavi?iaus g.29-6, Vilnius",Autoklavas  DOMINA PLUS B,,valdas,1k/ metus,,,Problematiškai mokus. Skambina patys,10/1/2025,10/1/2026,Patikra ,,,,,,,,,,,,
,,,,,,,,,,,,,,,,,,,,,,,,,
6/5/2018,304292811,Albadenta,"Pulko g 46, Alytus",Autoklavas  DOMINA PLUS B PB18084,,Gedvilas,1k/ metus,N?ra,Taip,,2/23/2025,2/23/2026,,,,,,,,,,,,,
8/3/2021,304292811,Albadenta,"Pulko g 46, Alytus",Autoklavas  DOMINA PLUS B,,Gedvilas,1k/ metus,N?ra,Taip,,2/23/2025,2/23/2026,,,,,,,,,,,,,
,,,,,,,,,,,,,,,,,,,,,,,,,
12/22/2017,5308293,Viešoji ?staiga Papil?s ambulatorija,"J. Basanavi?iaus g. 19A, Papil?s mstl.",Autoklavas  DOMINA PLUS B,,,1k/ metus,,,Reikia pasiskambinti,,,Patikra ,,,,,,,,,,,,
,,,,,,,,,,,,,,,,,,,,,,,,,
6/1/2015,300054595, Palangos odontologijos centras,"Vytauto g. 106/42, Palangos m., Palangos",Autoklavas  DOMINA PLUS B sn.13655,,Art?ras,1k/ metus,N?ra,Ne,parduota imone,,,Patikra ,,,,,,,,,,,,
,300054595, Palangos odontologijos centras,"Vytauto g. 106/42, Palangos m., Palangos",Autoklavas  DOMINA PLUS B,,Art?ras,1k/ metus,N?ra,Ne,Reikia pasiskambinti,,,Patikra ,,,,,,,,,,,,
,,,,,,,,,,,,,,,,,,,,,,,,,
11/17/2022,142169463,"Brožyn? sveikatos centras,","Brožyn? g.8-28, Klaip?da",Autoklavas  DOMINA PLUS B,,Gedvilas,1k/ metus,N?ra,Ne,Brozynu klinika Marius +370 659 18 972,,11/17/2023,Patikra ,,,,,,,,,,,,
,,,,,,,,,,,,,,,,,,,,,,,,,
6/20/2016,125957582,"Dentastra , ","Rygos g.6-156, Vilnius",Autoklavas  DOMINA PLUS B,,Art?ras,1k/ metus,N?ra,Ne,Nera,,,,,,,,,,,,,,,
,125957582,"Dentastra , ","Rygos g.6-156, Vilnius",Autoklavas  DOMINA PLUS B,,Art?ras,1k/ metus,N?ra,Ne,,6/30/2025,6/30/2026,,,,,,,,,,,,,
,,,,,,,,,,,,,,,,,,,,,,,,,
,,,,,,,,,,,,,,,,,,,,,,,,,
6/12/2020,141885011,Švyturio odontologijos klinika,"Šermukšni? g. 1, Klaip?dos m., Klaip?dos",Autoklavas  DOMINA PLUS B,,Valdas,1k/ metus,Ne,Taip,Svyturio od kl Henrikas +370 698 88 148,10/28/2025,10/28/2026,,,,,,,,,,,,,
,,Švyturio odontologijos klinika,"Šermukšni? g. 1, Klaip?dos m., Klaip?dos",Newseal užlydymo aparatas ,,Valdas,,,,,10/28/2025,10/28/2026,,,,,,,,,,,,,
,,,,,,,,,,,,,,,,,,,,,,,,,
5/14/2013,147827189,I.Stauskien?s stomatologijos kabinetas,"Marijon? g. 37A-35, LT-35126 Panev?žys",Autoklavas  DOMINA PLUS B,,Art?ras,1k/ metus,N?ra,Ne,Nedirba,,,Nedirba,,,,,,,,,,,,
,,,,,,,,,,,,,,,,,,,,,,,,,
1/24/2022,301730934,I? Album dentis,"Sausio 15-osios g.13-22, Klaip?da",Autoklavas  DOMINA PLUS B,,Gedvilas,1k/ metus,Yra,Ne,Tadas +370 672 51 976,1/28/2022,1/28/2023,Patikra ,,,,,,,,,,,,
,,,,,,,,,,,,,,,,,,,,,,,,,
8/3/2022,305142647,"Naugarduko odontologijos klinika, MB","Kaln?n? g. 38, Vilnius",Autoklavas  DOMINA PLUS B,,Art?ras,1k/ metus,,,,7/9/2025,7/9/2026,Atlikta,,,,,,,,,,,,
,305142647,"Naugarduko odontologijos klinika, MB","Kaln?n? g. 38, Vilnius",Siurblys VS 600,,Art?ras,1k/ metus,,,Garantinis,7/9/2025,7/9/2026,Atlikta,,,,,,,,,,,,
,305142647,"Naugarduko odontologijos klinika, MB","Kaln?n? g. 38, Vilnius",Odontologinis centras C8+,,Art?ras,1k/ metus,,,Nenaudojama ked?,,,,,,,,,,,,,,,
,,,,,,,,,,,,,,,,,,,,,,,,,
3/24/2014,179468470,L.Kavaliauskien?s dant? protezavimo ?mon?,"Knygnešio g.30, Taurag?",Autoklavas  DOMINA PLUS B,PB14199,Art?ras,1k/ metus,Yra,Ne,Liuda +370 699 04218,,12/10/2022,Patikra ,,,,,,,,,,,,
,179468470,L.Kavaliauskien?s dant? protezavimo ?mon?,"Knygnešio g.30, Taurag?",Užlydymo aparatas New Seal,0209,Art?ras,1k/ metus,Yra,Ne,Reikia pasiskambinti,,12/10/2022,Patikra ,,,,,,,,,,,,
,,,,,,,,,,,,,,,,,,,,,,,,,
5/2/2022,124175913, Beadenta,"Pylimo g.  63, Vilnius",Autoklavas  DOMINA PLUS B,,Valdas,1k/ metus,N?ra,Taip,,9/23/2025,9/23/2026,,,,,,,,,,,,,
,,,,,,,,,,,,,,,,,,,,,,,,,
1/15/2014,26163339, Diodenta,"Vyd?no g. 7/38, Vilnius",Autoklavas  DOMINA PLUS B,,Gedvilas,1k/ metus,N?ra,Ne,,11/13/2024,11/13/2025,,,,,,,,,,,,,
,,,,,,,,,,,,,,,,,,,,,,,,,
10/23/2013,302317689, Jugas,"Sedos g. 8, LT-89233 Mažeikiai",Autoklavas  DOMINA PLUS B,,Art?ras,1k/ metus,N?ra,Ne,Reikia pasiskambinti,,,Patikra ,,,,,,,,,,,,
,,,,,,,,,,,,,,,,,,,,,,,,,
,111959420,Nac. Vezio institutas,Vilnius,Sirona Intego,12053206,Gedvilas,1k/metus,Yra,Taip,"Tvarkinga, 54,45 eur",1/20/2025,1/20/2026,,,,,,,,,,,,,
,,,,,,,,,,,,,,,,,,,,,,,,,
,303159295,Austri medica,Vilnius,OWANDY Elios AC rentgenas,31101209,Art?ras,1k/metus,Yra,Taip,Tvarkinga,2/3/2025,2/3/2026,,,,,,,,,,,,,
,,Austri medica,Vilnius,Autoklavas  DOMINA PLUS B,,Art?ras,1k/metus,N?ra,Taip,Tvarkinga,11/7/2024,11/7/2025,,,,,,,,,,,,,
,,,,,,,,,,,,,,,,,,,,,,,,,
,302533936,S. Damalkien?s odontologijos klinika,K?dainiai,Sirona Heliodent Vario rentgenas,3512,Art?ras,1k/metus,Yra,Taip,Tvarkinga,3/14/2025,3/14/2026,,,,,,,,,,,,,
,,,,,,,,,,,,,,,,,,,,,,,,,
,304819391,Odontologija jums,"Miško g. 25A, LT-44313 Kaunas",Autoklavas  DOMINA PLUS B,008056,,1k/metus,Yra,Ne,Reikia pasiskambinti,4/7/2022,4/7/2023,Patikra ,,,,,,,,,,,,
,,,,,,,,,,,,,,,,,,,,,,,,,
,302424189,"APAS, I? odontologijos kabinetas",Vilnius,Sirona Heliodent Vario,08587,Art?ras,1k/metus,Yra,Taip,Paskambinti nuo 2025-01-01,10/10/2022,10/10/2023,Patikra ,,,,,,,,,,,,
,,,,,,,,,,,,,,,,,,,,,,,,,
,122410490,N. Jakien?s stomatologijos kabinetas,"Suba?iaus g. 10-7, LT-01302 Vilnius",Owandy Elios AC,27070163,Art?ras,1k/metus,Yra,Taip,Tvarkinga,7/22/2025,7/22/2026,atlikta,,,,,,,,,,,,
,,,,,,,,,,,,,,,,,,,,,,,,,
,300929591,Sidenta,Pasvalys,Owandy Altis DC,,Art?ras,1k/metus,Yra,Taip,Paskambinti d?l sutarties liepos 25d.,8/30/2023,8/30/2024,Patikra ,,,,,,,,,,,,
,300929591,Sidenta,Pasvalys,Stomatologijos centras A-Dec 500,,Art?ras,1k/metus,N?ra,Ne,  Mardentas peremes,,7/25/2023,Mardentas,,,,,,,,,,,,
,300929591,Sidenta,Pasvalys,Catani Vakuumo siurblys (Šlapias),,Art?ras,1k/metus,N?ra,Ne,  Mardentas peremes,,7/25/2023,Mardentas,,,,,,,,,,,,
,,,,,,,,,,,,,,,,,,,,,,,,,
,304514532, Gintariniai Žirgai,Palanga,Gierth Rentgeno diagnost. Sistema,,Art?ras,1k/metus,Yra,Taip,,3/20/2024,3/20/2025,?,,,,,,,,,,,,
,,,,,,,,,,,,,,,,,,,,,,,,,
,300518095,DENTEMA,"Taikos pr. 75-39, LT-50434 Kaunas","Sirona C8+, Heliodent DC",,Gedvilas,1k/metus,Yra (neterminuota),Ne,Baltmed aptarnauja,6/7/2024,6/7/2025,Baltmed,,,,,,,,,,,,
,,,,,,,,,,,,,,,,,,,,,,,,,
,135751837,Drulienes ,"Antanavos g. 9-39, LT-46273 Kaunas",Sirona Heliodent Vario,03512,Art?ras,1k/metus,Yra,taip,,5/26/2025,5/26/2026,atlikta,,,,,,,,,,,,
,,,,,,,,,,,,,,,,,,,,,,,,,
,235745550,Minkevi?ien?s I.?,"Šarkuvos g. 13-30, LT-48155 Kaunas",Sirona Heliodent Vario,,,1k/metus,N?ra,Ne, per?m?s Baltmed,,4/16/2019,Baltmed,,,,,,,,,,,,
,,,,,,,,,,,,,,,,,,,,,,,,,
,302812359,Nident,"Durpyno g. 12A, Mažeikiai",Sirona rentgenas Vario DG,2901VF2825,Art?ras,1k/metus,N?ra,Ne,Prat?simo neturi sutarties,,4/15/2017,Patikra ,,,,,,,,,,,,
,302812359,Nident,"Durpyno g. 12A, Mažeikiai",Odontologijos centras C8+,29767,Art?ras,1k/metus,N?ra,Ne,Prat?simo neturi sutarties,,4/15/2017,Patikra ,,,,,,,,,,,,
,302812359,Nident,"Durpyno g. 12A, Mažeikiai",Autoklavas Domina Plus B,12555,Art?ras,1k/metus,N?ra,Ne,Prat?simo neturi sutarties,,4/15/2017,Patikra ,,,,,,,,,,,,
,302812359,Nident,"Durpyno g. 12A, Mažeikiai",Kompresorius Catanni,,Art?ras,1k/metus,N?ra,Ne,Prat?simo neturi sutarties,,4/15/2017,Patikra ,,,,,,,,,,,,
,302812359,Nident,"Durpyno g. 12A, Mažeikiai",Siurblys Catanni,,Art?ras,1k/metus,N?ra,Ne,Prat?simo neturi sutarties,,4/15/2017,Patikra ,,,,,,,,,,,,
,,,,,,,,,,,,,,,,,,,,,,,,,
2/7/2013,300065905, Euroklinika,"M. Marcinkevi?iaus g.116, Vilnius",SIRONA Heliodent Plus ,,Art?ras,1k/metus,N?ra,Ne,Nebenaudoja rentgeno. Paskambins pats jei kas 852723683,,2/7/2014,nedirba,,,,,,,,,,,,
,,,,,,,,,,,,,,,,,,,,,,,,,
,,,,,,,,,,,,,,,,,,,,,,,,,
,,,,,,,,,,,,,,,,,,,,,,,,,
,124424439,Dentiklas,"M.K.?iurlionio g. 84B-59, LT-03107 Vilnius",Durr Hygopac View Užlydymo aparatas,,Tomas,1k/metus,N?ra,Taip,Parduotas 2022-03-17. Garantinis,12/3/2024,12/3/2025,,,,,,,,,,,,,
,,,,,,,,,,,,,,,,,,,,,,,,,
9/4/2008,122019919,Pašilai?i? Šeimos Medicinos Centras,"Žemynos g. 2, LT-06135 Vilnius",Autoklavas Domina Plus B,6468,Art?ras/Tomas,1k/metus,N?ra,Taip,Tel:+37052490644,11/8/2024,11/8/2025,,,,,,,,,,,,,
,,,,,,,,,,,,,,,,,,,,,,,,,
4/29/2004,,Lasionien?s I.?,"M?snink? 1-23, Vilnius",Autoklavas Domina Plus B,1389,Art?ras,1k/metus,N?ra,Ne,tel:868577673,11/7/2024,11/7/2025,,,,,,,,,,,,,
,,,,,,,,,,,,,,,,,,,,,,,,,
10/24/2023,148241318,Kazlauskien?s klinika,"Kranto g. 9A-3, Panev?žys",Kompresorius Tornado 1,,Tomas,1k/metus,,,"Garantinis, pirkta 2023-10-25.",,,Patikra ,,,,,,,,,,,,
,148241318,Kazlauskien?s klinika,"Kranto g. 9A-3, Panev?žys",AUtoklavas Domina,,Tomas,1k/metus,,,,,1/1/2025,Patikra ,,,,,,,,,,,,
,,,,,,,,,,,,,,,,,,,,,,,,,
11/22/2023,,VŠI Salantu PSPC,,VistaScan Mini Easy 2.0,P46915114,,1k/metus,,,,6/25/2025,6/25/2026,Atlikta,,,,,,,,,,,,
,,,,,,,,,,,,,,,,,,,,,,,,,
12/18/2008,,A. Brazauskienes,Kanarskio 4,Domina Plus B,7480,,1k/metus,,,,2/14/2025,2/14/2026,,,,,,,,,,,,,
,,,,,,,,,,,,,,,,,,,,,,,,,
4/15/2008,,Gorbac,"Ginietiskes, Alyvogiu ?",Domina Plus B,6450,,1k/metus,,,,2/1/2025,2/1/2026,,,,,,,,,,,,,
,,,,,,,,,,,,,,,,,,,,,,,,,
10/20/2014,303286691, Grybo klinika,"L. Sapiegos g. 4-18, Vilniaus",Sirona Vario DG,3002VF4427,,1k/metus,,,,3/26/2025,3/26/2026,,,,,,,,,,,,,
,,,,,,,,,,,,,,,,,,,,,,,,,
2019,303290526,Šypsenos r?mai tel.069688088,Vilniaus g. 35-101,Hygopac View,L415987024,,1k/metus,,,,4/2/2025,4/2/2026,,,,,,,,,,,,,
2019,303290526,Šypsenos r?mai tel.069688088,Vilniaus g. 35-101,Hygoclave 90,L406194004,,1k/metus,,,,4/18/2025,4/18/2026,,,,,,,,,,,,,
2019,303290526,Šypsenos r?mai tel.069688088,Vilniaus g. 35-101,Vandens Filtrai,,,1k/metus,,,,4/2/2025,,,,,,,,,,,,,,
,,,,,,,,,,,,,,,,,,,,,,,,,
1/8/2009,186483138, Alstoma,"V. Sirokomles g.11-1, Nemezis",Domila plus B,7493,,1k/metus,,,,4/7/2025,4/7/2026,,,,,,,,,,,,,
,,,,,,,,,,,,,,,,,,,,,,,,,
,305034511,Inovejos centras,"Rokiškio r. sav., Kamajai, Šilo g. 9,",Hygoclave 40 plus,,,1k/metus,,,,2/14/2025,2/15/2026,,,,,,,,,,,,,
,,,,,,,,,,,,,,,,,,,,,,,,,
,306131529,MB Tavo dantys,"Klaipeda, Pietine g. 3-1,",Hygoclave 40 plus,20FSTN10H100344,,1k/metus,,,,1/15/2025,2/15/2026,,,,,,,,,,,,,
,,,,,,,,,,,,,,,,,,,,,,,,,
,305567160, Balta akvarele,S. Daukanto g.2,Hygoclave 40 plus,22JSTN10H100606,,1k/metus,,,,1/15/2025,1/15/2026,,,,,,,,,,,,,
,,,,,,,,,,,,,,,,,,,,,,,,,
,, Dentalux ,"Vyduno al. 33, Kaunas",Domila plus B,,,1k/metus,,,,4/15/2025,4/15/2026,,,,,,,,,,,,,
,,,,,,,,,,,,,,,,,,,,,,,,,
,300609716,Žaliakalnio odontologijos klinika,"Aušros g.20-1, Kaunas",Siroclave B,4268,,1k/metus,,,,4/15/2025,4/15/2026,,,,,,,,,,,,,
,,,,,,,,,,,,,,,,,,,,,,,,,
,302852446,PR Klinika,"Baršausko g. 55-10 ,Kaunas",Domina plus B,8072,,1k/metus,,,,6/5/2025,6/5/2026,,,,,,,,,,,,,
,,,,,,,,,,,,,,,,,,,,,,,,,
,,,Savanoriu pr. Kaunas,Domina plus B,,,1k/metus,,,,,,,,,,,,,,,,,,
,,,,,,,,,,,,,,,,,,,,,,,,,
,241743080,Baltdenta,"Baltijos pr. 109-1, Klaipeda",Heliodent DS,23228,,1k/metus,,,,5/15/2025,5/15/2026,,,,,,,,,,,,,
,,,,,,,,,,,,,,,,,,,,,,,,,
,153722050,"T. Lingio Odontologijos Klinika, I?   ","Statybinink? g. 30-37, LT-63417 Alytus  ",VistaScan Mini Easy 2.0 fosforo plokštel,S495468020,,1k/metus,,,,10/10/2025,,,,,,,,,,,,,,
,153722050,"T. Lingio Odontologijos Klinika, I?   ","Statybinink? g. 30-37, LT-63417 Alytus  ",VistaCam iX HD camera          ,R495257001,,1k/metus,,,,10/10/2025,,,,,,,,,,,,,,
,,,,,,,,,,,,,,,,,,,,,,,,,
,305288997,Domsana,Aušros g. 4         ,Hygoclave 40 plus,GSTN10H100557,,1k/metus,2021,,,9/13/2025,9/13/2026,,,,,,,,,,,,,
,305288997,Domsana,Aušros g. 5,VS1200 S,N458075056,,1k/metus,202109,,,9/13/2025,9/14/2026,,,,,,,,,,,,,
,305288997,Domsana,Aušros g. 6,Kompresorius Tornado 4 ,N446025023,,1k/metus,202101,,,9/13/2025,9/15/2026,,,,,,,,,,,,,
,,,,,,,,,,,,,,,,,,,,,,,,,
3/3/2026,305248942,Praktin? chirurgija JDM klinika ,"Žvalg? 7 , Vilnius ",Vista Intra DC dentalinis ,T204411248,,1k/metus,,,,3/3/2026,3/3/2027,garantinis ,,,,,,,,,,,,
3/3/2026,305248942,Praktin? chirurgija JDM klinika ,"Žvalg? 7 , Vilnius ",VistaPano 2D S ,S220840286,,1k/metus,,,,3/3/2026,3/3/2027,garantinis ,,,,,,,,,,,,
2/3/2025,305248942,Praktin? chirurgija JDM klinika ,"Žvalg? 7 , Vilnius ",Thermosealer Newseal DXP    ,NS001675   ,,1k/metus,,,,2/3/2026,2/3/2027,garantinis ,,,,,,,,,,,,
2/3/2025,305248942,Praktin? chirurgija JDM klinika ,"Žvalg? 7 , Vilnius ","Autoklavas  ""DXPclave""   naujas   ",GBP240159,,1k/metus,,,,2/3/2026,2/3/2027,garantinis ,,,,,,,,,,,,
3/4/2026,305248942,Praktin? chirurgija JDM klinika ,"Žvalg? 7 , Vilnius ",Sitona Intego ,378324,,1k/metus,,,,12/3/2025,12/3/2026,garantinis ?,,,,,,,,,,,,
,,,,,,,,,,,,,,,,,,,,,,,,,
3/20/2026,307153037,Šiauli? odontologijos klinika ,"Vilniaus g 251-40 , Šiauliai ",Vista Intra DC dentalinis ,T204411107,,1k/metus,,,,3/20/2026,3/20/2027,garantinis iki 2028 nemokama patikra,,,,,,,,,,,,
3/21/2026,307153037,Šiauli? odontologijos klinika ,"Vilniaus g 251-40 , Šiauliai ",Vista Intra DC dentalinis ,T204411108,,1k/metus,,,,3/20/2026,3/20/2027,garantinis iki 2028 nemokama patikra,,,,,,,,,,,,
,,,,,,,,,,,,,,,,,,,,,,,,,
12/4/2025,135828415,M. Zabielsko stomat. kabinetas,A. Mickevi?iaus g. 8    kaunas,"Autoklavas  ""DXPclave"" 18 L      ",GAP250016,,1k/metus,,,,12/4/2025,12/4/2026,garantinis  dar iki 2027-12-04,,,,,,,,,,,,
,,,,,,,,,,,,,,,,,,,,,,,,,
2/2/2026,152565571,"UAB ""Vakar? amatininkai ir Ko""   (ROK Klinika) Kristina gyd ","Savanori? g,216, Kaunas ","Autoklavas  ""DXPclave"" 18 L      ", GAP250049  ,,1k/metus,,,,2/2/2026,2/2/2027,garantinis  dar iki 2028-02-02,,,,,,,,,,,,
,,,,,,,,,,,,,,,,,,,,,,,,,
9/9/2025,180376179,"UAB ""Aspidontas""    ","Vytenio g.19, telšiai       ","Autoklavas  ""DXPclave"" 18 L      ",GAP250014,,1k/metus,,,,9/9/2025,9/9/2026,garantinis  dar iki 2027-09-09,,,,,,,,,,,,
,,,,,,,,,,,,,,,,,,,,,,,,,
3/12/2021,302347732,"  UAB ""Kridenta""","Kaunas, Rasyt?s g. 3, LT-48127       ",Thermosealer Newseal DXP        ,NS000782,,1k/metus,,,,4/28/2026,4/28/2027,,,,,,,,,,,,,
,,,,,,,,,,,,,,,,,,,,,,,,,
,,,,,,,,,,,,,,,,,,,,,,,,,
,,,,,,,,,,,,,,,,,,,,,,,,,
,,,,,,,,,,,,,,,,,,,,,,,,,
,,,,,,,,,,,,,,,,,,,,,,,,,
,,,,,,,,,,,,,,,,,,,,,,,,,
,,,,,,,,,,,,,,,,,,,,,,,,,
,,,,,,,,,,,,,,,,,,,,,,,,,
,,,,,,,,,,,,,,,,,,,,,,,,,
,,,,,,,,,,,,,,,,,,,,,,,,,
,,,,,,,,,,,,,,,,,,,,,,,,,
,,,,,,,,,,,,,,,,,,,,,,,,,
,,,,,,,,,,,,,,,,,,,,,,,,,
,,,,,,,,,,,,,,,,,,,,,,,,,
,,,,,,,,,,,,,,,,,,,,,,,,,
,,,,,,,,,,,,,,,,,,,,,,,,,
,,,,,,,,,,,,,,,,,,,,,,,,,
,,,,,,,,,,,,,,,,,,,,,,,,,
,,,,,,,,,,,,,,,,,,,,,,,,,
,,,,,,,,,,,,,,,,,,,,,,,,,
,,,,,,,,,,,,,,,,,,,,,,,,,
,,,,,,,,,,,,,,,,,,,,,,,,,
,,,,,,,,,,,,,,,,,,,,,,,,,
,,,,,,,,,,,,,,,,,,,,,,,,,
,,,,,,,,,,,,,,,,,,,,,,,,,
,,,,,,,,,,,,,,,,,,,,,,,,,
,,,,,,,,,,,,,,,,,,,,,,,,,
,,,,,,,,,,,,,,,,,,,,,,,,,
,,,,,,,,,,,,,,,,,,,,,,,,,
,,,,,,,,,,,,,,,,,,,,,,,,,
,,,,,,,,,,,,,,,,,,,,,,,,,
,,,,,,,,,,,,,,,,,,,,,,,,,
,,,,,,,,,,,,,,,,,,,,,,,,,
,,,,,,,,,,,,,,,,,,,,,,,,,
,,,,,,,,,,,,,,,,,,,,,,,,,
,,,,,,,,,,,,,,,,,,,,,,,,,
,,,,,,,,,,,,,,,,,,,,,,,,,
,,,,,,,,,,,,,,,,,,,,,,,,,
,,,,,,,,,,,,,,,,,,,,,,,,,
,,,,,,,,,,,,,,,,,,,,,,,,,
,,,,,,,,,,,,,,,,,,,,,,,,,
,,,,,,,,,,,,,,,,,,,,,,,,,
,,,,,,,,,,,,,,,,,,,,,,,,,
,,,,,,,,,,,,,,,,,,,,,,,,,
,,,,,,,,,,,,,,,,,,,,,,,,,
,,,,,,,,,,,,,,,,,,,,,,,,,
,,,,,,,,,,,,,,,,,,,,,,,,,
,,,,,,,,,,,,,,,,,,,,,,,,,
,,,,,,,,,,,,,,,,,,,,,,,,,
,,,,,,,,,,,,,,,,,,,,,,,,,
,,,,,,,,,,,,,,,,,,,,,,,,,
,,,,,,,,,,,,,,,,,,,,,,,,,
,,,,,,,,,,,,,,,,,,,,,,,,,
,,,,,,,,,,,,,,,,,,,,,,,,,
,,,,,,,,,,,,,,,,,,,,,,,,,
,,,,,,,,,,,,,,,,,,,,,,,,,
,,,,,,,,,,,,,,,,,,,,,,,,,
,,,,,,,,,,,,,,,,,,,,,,,,,
,,,,,,,,,,,,,,,,,,,,,,,,,
,,,,,,,,,,,,,,,,,,,,,,,,,
,,,,,,,,,,,,,,,,,,,,,,,,,
,,,,,,,,,,,,,,,,,,,,,,,,,
,,,,,,,,,,,,,,,,,,,,,,,,,
,,,,,,,,,,,,,,,,,,,,,,,,,
,,,,,,,,,,,,,,,,,,,,,,,,,
,,,,,,,,,,,,,,,,,,,,,,,,,
,,,,,,,,,,,,,,,,,,,,,,,,,
,,,,,,,,,,,,,,,,,,,,,,,,,
,,,,,,,,,,,,,,,,,,,,,,,,,
,,,,,,,,,,,,,,,,,,,,,,,,,
,,,,,,,,,,,,,,,,,,,,,,,,,
,,,,,,,,,,,,,,,,,,,,,,,,,
,,,,,,,,,,,,,,,,,,,,,,,,,
,,,,,,,,,,,,,,,,,,,,,,,,,
,,,,,,,,,,,,,,,,,,,,,,,,,
,,,,,,,,,,,,,,,,,,,,,,,,,
,,,,,,,,,,,,,,,,,,,,,,,,,
,,,,,,,,,,,,,,,,,,,,,,,,,
,,,,,,,,,,,,,,,,,,,,,,,,,
,,,,,,,,,,,,,,,,,,,,,,,,,
,,,,,,,,,,,,,,,,,,,,,,,,,
,,,,,,,,,,,,,,,,,,,,,,,,,
,,,,,,,,,,,,,,,,,,,,,,,,,
,,,,,,,,,,,,,,,,,,,,,,,,,
,,,,,,,,,,,,,,,,,,,,,,,,,
,,,,,,,,,,,,,,,,,,,,,,,,,
,,,,,,,,,,,,,,,,,,,,,,,,,
,,,,,,,,,,,,,,,,,,,,,,,,,
,,,,,,,,,,,,,,,,,,,,,,,,,
,,,,,,,,,,,,,,,,,,,,,,,,,
,,,,,,,,,,,,,,,,,,,,,,,,,
,,,,,,,,,,,,,,,,,,,,,,,,,
,,,,,,,,,,,,,,,,,,,,,,,,,
,,,,,,,,,,,,,,,,,,,,,,,,,
,,,,,,,,,,,,,,,,,,,,,,,,,
,,,,,,,,,,,,,,,,,,,,,,,,,
,,,,,,,,,,,,,,,,,,,,,,,,,
,,,,,,,,,,,,,,,,,,,,,,,,,
,,,,,,,,,,,,,,,,,,,,,,,,,
,,,,,,,,,,,,,,,,,,,,,,,,,
,,,,,,,,,,,,,,,,,,,,,,,,,
,,,,,,,,,,,,,,,,,,,,,,,,,
,,,,,,,,,,,,,,,,,,,,,,,,,
,,,,,,,,,,,,,,,,,,,,,,,,,
,,,,,,,,,,,,,,,,,,,,,,,,,
,,,,,,,,,,,,,,,,,,,,,,,,,
,,,,,,,,,,,,,,,,,,,,,,,,,
,,,,,,,,,,,,,,,,,,,,,,,,,
,,,,,,,,,,,,,,,,,,,,,,,,,
,,,,,,,,,,,,,,,,,,,,,,,,,
,,,,,,,,,,,,,,,,,,,,,,,,,
,,,,,,,,,,,,,,,,,,,,,,,,,
,,,,,,,,,,,,,,,,,,,,,,,,,
,,,,,,,,,,,,,,,,,,,,,,,,,
,,,,,,,,,,,,,,,,,,,,,,,,,
,,,,,,,,,,,,,,,,,,,,,,,,,
,,,,,,,,,,,,,,,,,,,,,,,,,
,,,,,,,,,,,,,,,,,,,,,,,,,
,,,,,,,,,,,,,,,,,,,,,,,,,
,,,,,,,,,,,,,,,,,,,,,,,,,
,,,,,,,,,,,,,,,,,,,,,,,,,
,,,,,,,,,,,,,,,,,,,,,,,,,
,,,,,,,,,,,,,,,,,,,,,,,,,
,,,,,,,,,,,,,,,,,,,,,,,,,
,,,,,,,,,,,,,,,,,,,,,,,,,
,,,,,,,,,,,,,,,,,,,,,,,,,
,,,,,,,,,,,,,,,,,,,,,,,,,
,,,,,,,,,,,,,,,,,,,,,,,,,
,,,,,,,,,,,,,,,,,,,,,,,,,
,,,,,,,,,,,,,,,,,,,,,,,,,
,,,,,,,,,,,,,,,,,,,,,,,,,
,,,,,,,,,,,,,,,,,,,,,,,,,
,,,,,,,,,,,,,,,,,,,,,,,,,
,,,,,,,,,,,,,,,,,,,,,,,,,
,,,,,,,,,,,,,,,,,,,,,,,,,
,,,,,,,,,,,,,,,,,,,,,,,,,
,,,,,,,,,,,,,,,,,,,,,,,,,
,,,,,,,,,,,,,,,,,,,,,,,,,
,,,,,,,,,,,,,,,,,,,,,,,,,
,,,,,,,,,,,,,,,,,,,,,,,,,
,,,,,,,,,,,,,,,,,,,,,,,,,
,,,,,,,,,,,,,,,,,,,,,,,,,
,,,,,,,,,,,,,,,,,,,,,,,,,
,,,,,,,,,,,,,,,,,,,,,,,,,
,,,,,,,,,,,,,,,,,,,,,,,,,
,,,,,,,,,,,,,,,,,,,,,,,,,
,,,,,,,,,,,,,,,,,,,,,,,,,
,,,,,,,,,,,,,,,,,,,,,,,,,
,,,,,,,,,,,,,,,,,,,,,,,,,
,,,,,,,,,,,,,,,,,,,,,,,,,
,,,,,,,,,,,,,,,,,,,,,,,,,
,,,,,,,,,,,,,,,,,,,,,,,,,
,,,,,,,,,,,,,,,,,,,,,,,,,
,,,,,,,,,,,,,,,,,,,,,,,,,
,,,,,,,,,,,,,,,,,,,,,,,,,
,,,,,,,,,,,,,,,,,,,,,,,,,
,,,,,,,,,,,,,,,,,,,,,,,,,
,,,,,,,,,,,,,,,,,,,,,,,,,
,,,,,,,,,,,,,,,,,,,,,,,,,
,,,,,,,,,,,,,,,,,,,,,,,,,
,,,,,,,,,,,,,,,,,,,,,,,,,
,,,,,,,,,,,,,,,,,,,,,,,,,
,,,,,,,,,,,,,,,,,,,,,,,,,
,,,,,,,,,,,,,,,,,,,,,,,,,
,,,,,,,,,,,,,,,,,,,,,,,,,
,,,,,,,,,,,,,,,,,,,,,,,,,
,,,,,,,,,,,,,,,,,,,,,,,,,
,,,,,,,,,,,,,,,,,,,,,,,,,
,,,,,,,,,,,,,,,,,,,,,,,,,
,,,,,,,,,,,,,,,,,,,,,,,,,
,,,,,,,,,,,,,,,,,,,,,,,,,
,,,,,,,,,,,,,,,,,,,,,,,,,
,,,,,,,,,,,,,,,,,,,,,,,,,
,,,,,,,,,,,,,,,,,,,,,,,,,
,,,,,,,,,,,,,,,,,,,,,,,,,
,,,,,,,,,,,,,,,,,,,,,,,,,
,,,,,,,,,,,,,,,,,,,,,,,,,
,,,,,,,,,,,,,,,,,,,,,,,,,
,,,,,,,,,,,,,,,,,,,,,,,,,
,,,,,,,,,,,,,,,,,,,,,,,,,
,,,,,,,,,,,,,,,,,,,,,,,,,
,,,,,,,,,,,,,,,,,,,,,,,,,
,,,,,,,,,,,,,,,,,,,,,,,,,
,,,,,,,,,,,,,,,,,,,,,,,,,
,,,,,,,,,,,,,,,,,,,,,,,,,
,,,,,,,,,,,,,,,,,,,,,,,,,
,,,,,,,,,,,,,,,,,,,,,,,,,
,,,,,,,,,,,,,,,,,,,,,,,,,
,,,,,,,,,,,,,,,,,,,,,,,,,
,,,,,,,,,,,,,,,,,,,,,,,,,
,,,,,,,,,,,,,,,,,,,,,,,,,
,,,,,,,,,,,,,,,,,,,,,,,,,
,,,,,,,,,,,,,,,,,,,,,,,,,
,,,,,,,,,,,,,,,,,,,,,,,,,
,,,,,,,,,,,,,,,,,,,,,,,,,
,,,,,,,,,,,,,,,,,,,,,,,,,
,,,,,,,,,,,,,,,,,,,,,,,,,
,,,,,,,,,,,,,,,,,,,,,,,,,
,,,,,,,,,,,,,,,,,,,,,,,,,
,,,,,,,,,,,,,,,,,,,,,,,,,
,,,,,,,,,,,,,,,,,,,,,,,,,
,,,,,,,,,,,,,,,,,,,,,,,,,
,,,,,,,,,,,,,,,,,,,,,,,,,
,,,,,,,,,,,,,,,,,,,,,,,,,
,,,,,,,,,,,,,,,,,,,,,,,,,
,,,,,,,,,,,,,,,,,,,,,,,,,
,,,,,,,,,,,,,,,,,,,,,,,,,
,,,,,,,,,,,,,,,,,,,,,,,,,
,,,,,,,,,,,,,,,,,,,,,,,,,
,,,,,,,,,,,,,,,,,,,,,,,,,
,,,,,,,,,,,,,,,,,,,,,,,,,
,,,,,,,,,,,,,,,,,,,,,,,,,
,,,,,,,,,,,,,,,,,,,,,,,,,
,,,,,,,,,,,,,,,,,,,,,,,,,
,,,,,,,,,,,,,,,,,,,,,,,,,
,,,,,,,,,,,,,,,,,,,,,,,,,
,,,,,,,,,,,,,,,,,,,,,,,,,
,,,,,,,,,,,,,,,,,,,,,,,,,
,,,,,,,,,,,,,,,,,,,,,,,,,
,,,,,,,,,,,,,,,,,,,,,,,,,
,,,,,,,,,,,,,,,,,,,,,,,,,
,,,,,,,,,,,,,,,,,,,,,,,,,
,,,,,,,,,,,,,,,,,,,,,,,,,
,,,,,,,,,,,,,,,,,,,,,,,,,
,,,,,,,,,,,,,,,,,,,,,,,,,
,,,,,,,,,,,,,,,,,,,,,,,,,
,,,,,,,,,,,,,,,,,,,,,,,,,
,,,,,,,,,,,,,,,,,,,,,,,,,
,,,,,,,,,,,,,,,,,,,,,,,,,
,,,,,,,,,,,,,,,,,,,,,,,,,
,,,,,,,,,,,,,,,,,,,,,,,,,
,,,,,,,,,,,,,,,,,,,,,,,,,
,,,,,,,,,,,,,,,,,,,,,,,,,
,,,,,,,,,,,,,,,,,,,,,,,,,
,,,,,,,,,,,,,,,,,,,,,,,,,
,,,,,,,,,,,,,,,,,,,,,,,,,
,,,,,,,,,,,,,,,,,,,,,,,,,
,,,,,,,,,,,,,,,,,,,,,,,,,
,,,,,,,,,,,,,,,,,,,,,,,,,
,,,,,,,,,,,,,,,,,,,,,,,,,
,,,,,,,,,,,,,,,,,,,,,,,,,
,,,,,,,,,,,,,,,,,,,,,,,,,
,,,,,,,,,,,,,,,,,,,,,,,,,
,,,,,,,,,,,,,,,,,,,,,,,,,
,,,,,,,,,,,,,,,,,,,,,,,,,
,,,,,,,,,,,,,,,,,,,,,,,,,
,,,,,,,,,,,,,,,,,,,,,,,,,
,,,,,,,,,,,,,,,,,,,,,,,,,
,,,,,,,,,,,,,,,,,,,,,,,,,
,,,,,,,,,,,,,,,,,,,,,,,,,
,,,,,,,,,,,,,,,,,,,,,,,,,
,,,,,,,,,,,,,,,,,,,,,,,,,
,,,,,,,,,,,,,,,,,,,,,,,,,
,,,,,,,,,,,,,,,,,,,,,,,,,
,,,,,,,,,,,,,,,,,,,,,,,,,
,,,,,,,,,,,,,,,,,,,,,,,,,
,,,,,,,,,,,,,,,,,,,,,,,,,
,,,,,,,,,,,,,,,,,,,,,,,,,
,,,,,,,,,,,,,,,,,,,,,,,,,
,,,,,,,,,,,,,,,,,,,,,,,,,
,,,,,,,,,,,,,,,,,,,,,,,,,
,,,,,,,,,,,,,,,,,,,,,,,,,
,,,,,,,,,,,,,,,,,,,,,,,,,
,,,,,,,,,,,,,,,,,,,,,,,,,
,,,,,,,,,,,,,,,,,,,,,,,,,
,,,,,,,,,,,,,,,,,,,,,,,,,
,,,,,,,,,,,,,,,,,,,,,,,,,
,,,,,,,,,,,,,,,,,,,,,,,,,
,,,,,,,,,,,,,,,,,,,,,,,,,
,,,,,,,,,,,,,,,,,,,,,,,,,
,,,,,,,,,,,,,,,,,,,,,,,,,
,,,,,,,,,,,,,,,,,,,,,,,,,
,,,,,,,,,,,,,,,,,,,,,,,,,
,,,,,,,,,,,,,,,,,,,,,,,,,
,,,,,,,,,,,,,,,,,,,,,,,,,
,,,,,,,,,,,,,,,,,,,,,,,,,
,,,,,,,,,,,,,,,,,,,,,,,,,
,,,,,,,,,,,,,,,,,,,,,,,,,
,,,,,,,,,,,,,,,,,,,,,,,,,
,,,,,,,,,,,,,,,,,,,,,,,,,
,,,,,,,,,,,,,,,,,,,,,,,,,
,,,,,,,,,,,,,,,,,,,,,,,,,
,,,,,,,,,,,,,,,,,,,,,,,,,
,,,,,,,,,,,,,,,,,,,,,,,,,
,,,,,,,,,,,,,,,,,,,,,,,,,
,,,,,,,,,,,,,,,,,,,,,,,,,
,,,,,,,,,,,,,,,,,,,,,,,,,
,,,,,,,,,,,,,,,,,,,,,,,,,
,,,,,,,,,,,,,,,,,,,,,,,,,
,,,,,,,,,,,,,,,,,,,,,,,,,
,,,,,,,,,,,,,,,,,,,,,,,,,
,,,,,,,,,,,,,,,,,,,,,,,,,
,,,,,,,,,,,,,,,,,,,,,,,,,
,,,,,,,,,,,,,,,,,,,,,,,,,
,,,,,,,,,,,,,,,,,,,,,,,,,
,,,,,,,,,,,,,,,,,,,,,,,,,
,,,,,,,,,,,,,,,,,,,,,,,,,
,,,,,,,,,,,,,,,,,,,,,,,,,
,,,,,,,,,,,,,,,,,,,,,,,,,
,,,,,,,,,,,,,,,,,,,,,,,,,
,,,,,,,,,,,,,,,,,,,,,,,,,
,,,,,,,,,,,,,,,,,,,,,,,,,
,,,,,,,,,,,,,,,,,,,,,,,,,
,,,,,,,,,,,,,,,,,,,,,,,,,
,,,,,,,,,,,,,,,,,,,,,,,,,
,,,,,,,,,,,,,,,,,,,,,,,,,
,,,,,,,,,,,,,,,,,,,,,,,,,
,,,,,,,,,,,,,,,,,,,,,,,,,
,,,,,,,,,,,,,,,,,,,,,,,,,
,,,,,,,,,,,,,,,,,,,,,,,,,
,,,,,,,,,,,,,,,,,,,,,,,,,
,,,,,,,,,,,,,,,,,,,,,,,,,
,,,,,,,,,,,,,,,,,,,,,,,,,
,,,,,,,,,,,,,,,,,,,,,,,,,
,,,,,,,,,,,,,,,,,,,,,,,,,
,,,,,,,,,,,,,,,,,,,,,,,,,
,,,,,,,,,,,,,,,,,,,,,,,,,
,,,,,,,,,,,,,,,,,,,,,,,,,
,,,,,,,,,,,,,,,,,,,,,,,,,
,,,,,,,,,,,,,,,,,,,,,,,,,
,,,,,,,,,,,,,,,,,,,,,,,,,
,,,,,,,,,,,,,,,,,,,,,,,,,
,,,,,,,,,,,,,,,,,,,,,,,,,
,,,,,,,,,,,,,,,,,,,,,,,,,
,,,,,,,,,,,,,,,,,,,,,,,,,
,,,,,,,,,,,,,,,,,,,,,,,,,
,,,,,,,,,,,,,,,,,,,,,,,,,
,,,,,,,,,,,,,,,,,,,,,,,,,
,,,,,,,,,,,,,,,,,,,,,,,,,
,,,,,,,,,,,,,,,,,,,,,,,,,
,,,,,,,,,,,,,,,,,,,,,,,,,
,,,,,,,,,,,,,,,,,,,,,,,,,
,,,,,,,,,,,,,,,,,,,,,,,,,
,,,,,,,,,,,,,,,,,,,,,,,,,
,,,,,,,,,,,,,,,,,,,,,,,,,
,,,,,,,,,,,,,,,,,,,,,,,,,
,,,,,,,,,,,,,,,,,,,,,,,,,
,,,,,,,,,,,,,,,,,,,,,,,,,
,,,,,,,,,,,,,,,,,,,,,,,,,
,,,,,,,,,,,,,,,,,,,,,,,,,
,,,,,,,,,,,,,,,,,,,,,,,,,
,,,,,,,,,,,,,,,,,,,,,,,,,
,,,,,,,,,,,,,,,,,,,,,,,,,
,,,,,,,,,,,,,,,,,,,,,,,,,
,,,,,,,,,,,,,,,,,,,,,,,,,
,,,,,,,,,,,,,,,,,,,,,,,,,
,,,,,,,,,,,,,,,,,,,,,,,,,
,,,,,,,,,,,,,,,,,,,,,,,,,
,,,,,,,,,,,,,,,,,,,,,,,,,
,,,,,,,,,,,,,,,,,,,,,,,,,
,,,,,,,,,,,,,,,,,,,,,,,,,
,,,,,,,,,,,,,,,,,,,,,,,,,
,,,,,,,,,,,,,,,,,,,,,,,,,
,,,,,,,,,,,,,,,,,,,,,,,,,
,,,,,,,,,,,,,,,,,,,,,,,,,
,,,,,,,,,,,,,,,,,,,,,,,,,
,,,,,,,,,,,,,,,,,,,,,,,,,
,,,,,,,,,,,,,,,,,,,,,,,,,
,,,,,,,,,,,,,,,,,,,,,,,,,
,,,,,,,,,,,,,,,,,,,,,,,,,
,,,,,,,,,,,,,,,,,,,,,,,,,
,,,,,,,,,,,,,,,,,,,,,,,,,
,,,,,,,,,,,,,,,,,,,,,,,,,
,,,,,,,,,,,,,,,,,,,,,,,,,
,,,,,,,,,,,,,,,,,,,,,,,,,
,,,,,,,,,,,,,,,,,,,,,,,,,
,,,,,,,,,,,,,,,,,,,,,,,,,
,,,,,,,,,,,,,,,,,,,,,,,,,
,,,,,,,,,,,,,,,,,,,,,,,,,
,,,,,,,,,,,,,,,,,,,,,,,,,
,,,,,,,,,,,,,,,,,,,,,,,,,
,,,,,,,,,,,,,,,,,,,,,,,,,
,,,,,,,,,,,,,,,,,,,,,,,,,
,,,,,,,,,,,,,,,,,,,,,,,,,
,,,,,,,,,,,,,,,,,,,,,,,,,
,,,,,,,,,,,,,,,,,,,,,,,,,
,,,,,,,,,,,,,,,,,,,,,,,,,
,,,,,,,,,,,,,,,,,,,,,,,,,
,,,,,,,,,,,,,,,,,,,,,,,,,
,,,,,,,,,,,,,,,,,,,,,,,,,
,,,,,,,,,,,,,,,,,,,,,,,,,
,,,,,,,,,,,,,,,,,,,,,,,,,
,,,,,,,,,,,,,,,,,,,,,,,,,
,,,,,,,,,,,,,,,,,,,,,,,,,
,,,,,,,,,,,,,,,,,,,,,,,,,
,,,,,,,,,,,,,,,,,,,,,,,,,
,,,,,,,,,,,,,,,,,,,,,,,,,
,,,,,,,,,,,,,,,,,,,,,,,,,
,,,,,,,,,,,,,,,,,,,,,,,,,
,,,,,,,,,,,,,,,,,,,,,,,,,
,,,,,,,,,,,,,,,,,,,,,,,,,
,,,,,,,,,,,,,,,,,,,,,,,,,
,,,,,,,,,,,,,,,,,,,,,,,,,
,,,,,,,,,,,,,,,,,,,,,,,,,
,,,,,,,,,,,,,,,,,,,,,,,,,
,,,,,,,,,,,,,,,,,,,,,,,,,
,,,,,,,,,,,,,,,,,,,,,,,,,
,,,,,,,,,,,,,,,,,,,,,,,,,
,,,,,,,,,,,,,,,,,,,,,,,,,
,,,,,,,,,,,,,,,,,,,,,,,,,
,,,,,,,,,,,,,,,,,,,,,,,,,
,,,,,,,,,,,,,,,,,,,,,,,,,
,,,,,,,,,,,,,,,,,,,,,,,,,
,,,,,,,,,,,,,,,,,,,,,,,,,
,,,,,,,,,,,,,,,,,,,,,,,,,
,,,,,,,,,,,,,,,,,,,,,,,,,
,,,,,,,,,,,,,,,,,,,,,,,,,
,,,,,,,,,,,,,,,,,,,,,,,,,
,,,,,,,,,,,,,,,,,,,,,,,,,
,,,,,,,,,,,,,,,,,,,,,,,,,
,,,,,,,,,,,,,,,,,,,,,,,,,
,,,,,,,,,,,,,,,,,,,,,,,,,
,,,,,,,,,,,,,,,,,,,,,,,,,
,,,,,,,,,,,,,,,,,,,,,,,,,
,,,,,,,,,,,,,,,,,,,,,,,,,
,,,,,,,,,,,,,,,,,,,,,,,,,
,,,,,,,,,,,,,,,,,,,,,,,,,
,,,,,,,,,,,,,,,,,,,,,,,,,
,,,,,,,,,,,,,,,,,,,,,,,,,
,,,,,,,,,,,,,,,,,,,,,,,,,
,,,,,,,,,,,,,,,,,,,,,,,,,
,,,,,,,,,,,,,,,,,,,,,,,,,
,,,,,,,,,,,,,,,,,,,,,,,,,
,,,,,,,,,,,,,,,,,,,,,,,,,
,,,,,,,,,,,,,,,,,,,,,,,,,
,,,,,,,,,,,,,,,,,,,,,,,,,
,,,,,,,,,,,,,,,,,,,,,,,,,
,,,,,,,,,,,,,,,,,,,,,,,,,
,,,,,,,,,,,,,,,,,,,,,,,,,
,,,,,,,,,,,,,,,,,,,,,,,,,
,,,,,,,,,,,,,,,,,,,,,,,,,
,,,,,,,,,,,,,,,,,,,,,,,,,
,,,,,,,,,,,,,,,,,,,,,,,,,
,,,,,,,,,,,,,,,,,,,,,,,,,
,,,,,,,,,,,,,,,,,,,,,,,,,
,,,,,,,,,,,,,,,,,,,,,,,,,
,,,,,,,,,,,,,,,,,,,,,,,,,
,,,,,,,,,,,,,,,,,,,,,,,,,
,,,,,,,,,,,,,,,,,,,,,,,,,
,,,,,,,,,,,,,,,,,,,,,,,,,
,,,,,,,,,,,,,,,,,,,,,,,,,
,,,,,,,,,,,,,,,,,,,,,,,,,
,,,,,,,,,,,,,,,,,,,,,,,,,
,,,,,,,,,,,,,,,,,,,,,,,,,
,,,,,,,,,,,,,,,,,,,,,,,,,
,,,,,,,,,,,,,,,,,,,,,,,,,
,,,,,,,,,,,,,,,,,,,,,,,,,
,,,,,,,,,,,,,,,,,,,,,,,,,
,,,,,,,,,,,,,,,,,,,,,,,,,
,,,,,,,,,,,,,,,,,,,,,,,,,
,,,,,,,,,,,,,,,,,,,,,,,,,
,,,,,,,,,,,,,,,,,,,,,,,,,
,,,,,,,,,,,,,,,,,,,,,,,,,
,,,,,,,,,,,,,,,,,,,,,,,,,
,,,,,,,,,,,,,,,,,,,,,,,,,
,,,,,,,,,,,,,,,,,,,,,,,,,
,,,,,,,,,,,,,,,,,,,,,,,,,
,,,,,,,,,,,,,,,,,,,,,,,,,
,,,,,,,,,,,,,,,,,,,,,,,,,
,,,,,,,,,,,,,,,,,,,,,,,,,
,,,,,,,,,,,,,,,,,,,,,,,,,
,,,,,,,,,,,,,,,,,,,,,,,,,
,,,,,,,,,,,,,,,,,,,,,,,,,
,,,,,,,,,,,,,,,,,,,,,,,,,
,,,,,,,,,,,,,,,,,,,,,,,,,
,,,,,,,,,,,,,,,,,,,,,,,,,
,,,,,,,,,,,,,,,,,,,,,,,,,
,,,,,,,,,,,,,,,,,,,,,,,,,
,,,,,,,,,,,,,,,,,,,,,,,,,
,,,,,,,,,,,,,,,,,,,,,,,,,
,,,,,,,,,,,,,,,,,,,,,,,,,
,,,,,,,,,,,,,,,,,,,,,,,,,
,,,,,,,,,,,,,,,,,,,,,,,,,
,,,,,,,,,,,,,,,,,,,,,,,,,
,,,,,,,,,,,,,,,,,,,,,,,,,
,,,,,,,,,,,,,,,,,,,,,,,,,
,,,,,,,,,,,,,,,,,,,,,,,,,
,,,,,,,,,,,,,,,,,,,,,,,,,
,,,,,,,,,,,,,,,,,,,,,,,,,
,,,,,,,,,,,,,,,,,,,,,,,,,
,,,,,,,,,,,,,,,,,,,,,,,,,
,,,,,,,,,,,,,,,,,,,,,,,,,
,,,,,,,,,,,,,,,,,,,,,,,,,
,,,,,,,,,,,,,,,,,,,,,,,,,
,,,,,,,,,,,,,,,,,,,,,,,,,
,,,,,,,,,,,,,,,,,,,,,,,,,
,,,,,,,,,,,,,,,,,,,,,,,,,
,,,,,,,,,,,,,,,,,,,,,,,,,
,,,,,,,,,,,,,,,,,,,,,,,,,
,,,,,,,,,,,,,,,,,,,,,,,,,
,,,,,,,,,,,,,,,,,,,,,,,,,
,,,,,,,,,,,,,,,,,,,,,,,,,
,,,,,,,,,,,,,,,,,,,,,,,,,
,,,,,,,,,,,,,,,,,,,,,,,,,
,,,,,,,,,,,,,,,,,,,,,,,,,
,,,,,,,,,,,,,,,,,,,,,,,,,
