id,Montavimo data,Kliento įmonės kodas,Kliento pavadinimas,Adresas,Įrangos pavadinimas,Serijos numeris,Prižiūri,Patikr. Periodiškumas,Sutartis YRA/NĖRA,Atlikta,Komentaras,Patikros data,Sekanti patikra
1,2021-01-12,301798757," Albaela","Vienybės g.19, Klaipėda",VistaScan Mini Easy Image Plate Scanner,M443443102,Artūras,1k/ metus,Yra,Taip,Albaela Albertas +370 698 31 772,11/23/2023,11/23/2024
2,7/9/2020,301798757,IĮ Albaela,"Vienybės g.19, Klaipėda",Dentalinis rentgenas VistaIntra DC  alkū,L204403176,Artūras,1k/ metus,Yra,Taip,na,11/23/2023,11/23/2024
3,7/9/2020,301798757,IĮ Albaela,"Vienybės g.19, Klaipėda",Odontologijos centras INTEGO,255289,Artūras,1k/ metus,Yra,Taip,,7/1/2025,7/1/2026
4,11/19/2020,301798757," Albaela","Vienybės g.19, Klaipėda",Odontologijos centras INTEGO,256677,Artūras,1k/ metus,Yra,Taip,,7/1/2025,7/1/2026
5,7/9/2020,301798757,IĮ Albaela,"Vienybės g.19, Klaipėda",Autoklavas  DOMINA PLUS B,,Artūras,1k/ metus,Yra,Taip,,7/1/2025,7/1/2026
6,8/10/2020,301798757,IĮ Albaela,"Vienybės g.19, Klaipėda",Kombinuotas siurblys Durr VS600,,Artūras,1k/ metus,Yra,Taip,,11/23/2023,11/23/2024
7,7/9/2020,301798757,IĮ Albaela,"Vienybės g.19, Klaipėda",Kompresorius Tornado 2 su membr.džiov.,M423272046,Artūras,1k/ metus,Yra,Taip,,11/23/2023,11/23/2024
8,8/28/2019,141044898," Danvitė plius","Gegužės g.1/ Bokšto g. 18, Klaipėda",VistaScan Mini Plus EU Image Plate Scann,L408230050,Artūras,1k/ metus,Yra,Ne,ex Danvite,1/4/2022,1/4/2023
9,10/27/2016,141044898," Danvitė plius","Gegužės g.1/ Bokšto g. 18, Klaipėda",Kompresorius Tornado 2 su membr.džiov.,,Artūras,1k/ metus,Yra,Ne,,1/4/2022,1/4/2023
10,10/14/2022,141044898," Danvitė plius","Gegužės g.1/ Bokšto g. 18, Klaipėda",Kompresorius Tornado 2 su membr.džiov.,P469101048,Artūras,1k/ metus,Yra,Ne,,1/4/2022,1/4/2023
11,1/30/2017,141044898," Danvitė plius","Gegužės g.1/ Bokšto g. 18, Klaipėda",Kompresorius Tornado 2 su membr.džiov.,,Artūras,1k/ metus,Yra,Ne,,1/4/2022,1/4/2023
12,10/27/2016,141044898," Danvitė plius","Gegužės g.1/ Bokšto g. 18, Klaipėda",Centrinis siurblys VS 300 S (šlapias),,Artūras,1k/ metus,Yra,Ne,,1/4/2022,1/4/2023
13,1/30/2017,141044898," Danvitė plius","Gegužės g.1/ Bokšto g. 18, Klaipėda",Centrinis siurblys VS 300 S (šlapias),,Artūras,1k/ metus,Yra,Ne,,1/4/2022,1/4/2023
14,2/20/2019,141044898," Danvitė plius","Gegužės g.1/ Bokšto g. 18, Klaipėda",Dentalinis rentgenas VistaIntra DC  alkū,K204401907,Artūras,1k/ metus,Yra,Ne,,4/25/2025,4/25/2026
15,12/2/2020,141044899," Danvitė plius","Gegužės g.1/ Bokšto g. 18, Klaipėda",Durr Dental VistaVox  3D panoraminis ren,,Artūras,1k/ metus,Yra,Taip,Tvarkinga,4/25/2025,4/25/2026
16,3/2/2021,141044898," Danvitė plius","Gegužės g.1/ Bokšto g. 18, Klaipėda",Odontologijos centras INTEGO,257852,Artūras,1k/ metus,Yra,Ne,,1/4/2022,1/4/2023
17,10/27/2016,141044898," Danvitė plius","Gegužės g.1/ Bokšto g. 18, Klaipėda",Odontologijos centras INTEGO,,Artūras,1k/ metus,Yra,Ne,,1/4/2022,1/4/2023
18,10/27/2016,141044898," Danvitė plius","Gegužės g.1/ Bokšto g. 18, Klaipėda",Odontologijos centras INTEGO,,Artūras,1k/ metus,Yra,Ne,,1/4/2022,1/4/2023
19,10/27/2016,141044898," Danvitė plius","Gegužės g.1/ Bokšto g. 18, Klaipėda",Odontologijos centras INTEGO,,Artūras,1k/ metus,Yra,Ne,,1/4/2022,1/4/2023
20,1/30/2017,141044898," Danvitė plius","Gegužės g.1/ Bokšto g. 18, Klaipėda",Odontologijos centras INTEGO,,Artūras,1k/ metus,Yra,Ne,,1/4/2022,1/4/2023
21,11/17/2021,302727072," VetPet LT","Sodų g. 19, Jonava,tel. 060627453",VistaScan Mini Plus EU Image Plate Scann,N449258052,Tomas,1k/ metus,Nėra,Taip,"info@vetpet.lt, 370 606 27453 Linas",6/20/2025,6/20/2026
22,11/3/2017,168965880,"  MALIDENTA ",Tičkūnų km.,VistaScan Mini Easy Image Plate Scanner,J354343157,Artūras,1k/ metus,Yra,Taip,,8/30/2023,8/30/2024
23,11/3/2017,168965880,"  MALIDENTA ",Tičkūnų km.,Kompresorius Tornado 2 su membr.džiov.,J369166030,Artūras,1k/ metus,Yra,Taip,,12/1/2025,12/1/2026
24,3/5/2014,168965880,"  MALIDENTA ",Tičkūnų km.,Centrinis siurblys  V250 (sausas),,Artūras,1k/ metus,Yra,Taip,,12/1/2025,12/1/2026
25,5/9/2014,168965880,"  MALIDENTA ",Tičkūnų km.,Vario DGArm S 30cm,2912VF3955,Artūras,1k/ metus,Yra,Taip,,2/17/2025,2/17/2026
26,,,"  MALIDENTA ",Tičkūnų km.,Sirona Heliodent Vario,03019,Artūras,1k/ metus,Yra,Taip,,2/17/2025,2/17/2026
27,,,"  MALIDENTA ",Tičkūnų km.,Odontologijos centras Sirona C8+,11123,Artūras,1k/ metus,Yra,Taip,,8/30/2023,8/30/2024
28,,,"  MALIDENTA ",Tičkūnų km.,Odontologijos centras Sirona C8+,13401,Artūras,1k/ metus,Yra,Taip,,8/30/2023,8/30/2024
29,,,"  MALIDENTA ",Tičkūnų km.,Odontologijos centras Sirona C8,010275,Artūras,1k/ metus,Yra,Taip,,8/30/2023,8/30/2024
30,,,"  MALIDENTA ",Tičkūnų km.,Autoklavas Siroklav B,4280,Artūras,1k/ metus,Yra,Taip,,2/17/2025,2/17/2026
31,3/19/2018,302582260,"Dentalklinika,",Savanorių pr. Vilnius,VistaScan Mini Easy Image Plate sc. 2017,J365554183,Tomas,1k/ metus,Nėra,Taip,"patikrinta, veikia tvarkingai",7/22/2025,7/22/2026
32,2/19/2018,302582260,"Dentalklinika,",Savanorių pr. Vilnius,Kompresorius Tornado 2 su membr.džiov.,,Tomas,1k/ metus,Nėra,Taip,Pakeisti filtrai,7/25/2025,7/25/2026
33,12/8/2022,305644151,"Dentalklinika,",Savanorių pr. Vilnius,Dentalinis rentgenas VistaIntra DC 2022,P204406982,Tomas,1k/ metus,Nėra,Ne,,20225-07-22,7/22/2026
34,,305644151,"Dentalklinika,",Savanorių pr. Vilnius,Vistavox 3D 2022,P473972008,Tomas,1k/ metus,Nėra,Ne,,20225-07-22,7/22/2026
35,4/17/2019,302612337," Narema","H. Manto g. 6A, Klaipėda",VistaScan Mini Easy Image Plate Scanner,,Artūras,1k/ metus,Nėra,Ne,Aušra +370 611 31 249,7/11/2025,7/11/2026
36,9/17/2012,302612337," Narema","H. Manto g. 6A, Klaipėda",Sirona Heliodent Vario DG,2707VF1822,Artūras,1k/ metus,Taip,,,12/12/2024,12/12/2025
37,4/17/2019,302612337," Narema","H. Manto g. 6A, Klaipėda",Kompresorius Tornado 2 su membr.džiov.,,Artūras,1k/ metus,Nėra,Ne,,1/11/2025,1/11/2026
38,,302612337," Narema","H. Manto g. 6A, Klaipėda",turi kavo kedę iš biomedikos,,Artūras,1k/ metus,Nėra,Ne,,,5/15/2023
39,,302612337," Narema","H. Manto g. 6A, Klaipėda",turi sironos kedę is Baltmed  C8+,,Artūras,1k/ metus,Nėra,Ne,,,5/15/2023
40,4/17/2019,302612337," Narema","H. Manto g. 6A, Klaipėda",Autoklavas  DOMINA PLUS B,,Artūras,1k/ metus,Nėra,Ne,,1/11/2025,1/11/2026
41,7/18/2019,303852374," Dailidenta","Pylimo 32-16, Vilniaus m.",VistaScan Mini Easy Image Plate Scanner,L406230138,Artūras,1k/ metus,Yra,Taip,37069818617,,8/18/2025
42,7/18/2019,303852374," Dailidenta","Švitrigailos g. 11K-109, Vilniaus m.",Dentalinis rentgenas VistaIntra DC  alkū,L204402404,Artūras,1k/ metus,Yra,Taip,37069818617,,8/18/2025
43,8/22/2019,304891921," Odentika","J. K. Chodkevičiaus g. 26-2, Kretinga",VistaScan Mini Easy Image Plate Scanner,K387419010,Artūras,1k/ metus,Nėra,Ne,Jaunius +370 611 42 686,11/12/2025,
44,,,,,"Ižlydimo aparatas Domina ",,,,,,,,11/13/2026
45,,304891921," Odentika","J. K. Chodkevičiaus g. 26-2, Kretinga",Domina PLUS B,,Artūras,1k/ metus,Nėra,Ne,,11/12/2025,11/12/2026
46,10/21/2019,302915996," Jurgitos Rankauskaitės odontologijos kabinetas","Kudirkos g.54, Šakiai",VistaScan Mini Easy Image Plate Scanner,L412778094,Artūras,1k/ metus,Nėra,Ne,,,3/20/2024
47,1/2/2013,302915996," Jurgitos Rankauskaitės odontologijos kabinetas","Kudirkos g.54, Šakiai",Cattani kompresorius,,Artūras,1k/ metus,Nėra,Ne,,,3/20/2024
48,10/21/2019,302915996," Jurgitos Rankauskaitės odontologijos kabinetas","Kudirkos g.54, Šakiai",Dentalinis rentgenas VistaIntra DC  alkū,L204402522,Artūras,1k/ metus,Yra,Ne,,2/11/2025,2/11/2026
49,1/2/2013,302915996," Jurgitos Rankauskaitės odontologijos kabinetas","Kudirkos g.54, Šakiai",Odontologijos centras C8+,,Artūras,1k/ metus,Nėra,Ne,,7/1/2025,
50,12/2/2019,181384061,"Grigiškių sveikatos priežiūros centras, ","Mokyklos g. 10, Grigiškės, LT-27105",VistaScan Mini Easy Image Plate Scanner,L415521040,Arturas,1k/ metus,Yra,Taip,,3/26/2025,3/26/2026
51,12/2/2019,181384061,"Grigiškių sveikatos priežiūros centras, ","Mokyklos g. 10, Grigiškės, LT-27105",Dentalinis rentgenas VistaIntra DC  alkū,L204402741,Arturas,1k/ metus,Yra,Taip,,3/26/2025,3/26/2026
52,12/2/2019,181384061,"Grigiškių sveikatos priežiūros centras, ","Mokyklos g. 10, Grigiškės, LT-27105",Programines irangos prieziura,,Arturas,1k/ metus,Yra,Taip,,6/30/2025,6/30/2026
53,7/9/2019,181384061,"Grigiškių sveikatos priežiūros centras, ","Mokyklos g. 10, Grigiškės, LT-27105",Odontologijos centras INTEGO,,Gedvilas,1k/ mėnesį,Yra,Taip,,,nebereikia
54,10/30/2017,181384061,"Grigiškių sveikatos priežiūros centras, ","Mokyklos g. 10, Grigiškės, LT-27105",Odontologijos centras INTEGO,,Gedvilas,1k/ mėnesį,Yra,Taip,,,nebereikia
55,,,"Grigiškių sveikatos priežiūros centras, ","Mokyklos g. 10, Grigiškės, LT-27105",Odontologijos centras INTEGO,,Gedvilas,1k/ mėnesį,Yra,Taip,,,nebereikia
56,12/2/2019,181384061,"Grigiškių sveikatos priežiūros centras, ","Mokyklos g. 10, Grigiškės, LT-27105",VS600 siurblys,F2 8437018,Arturas,1k/ metus,Yra,Taip,,7/21/2025,7/21/2026
57,,,"Grigiškių sveikatos priežiūros centras, ","Mokyklos g. 10, Grigiškės, LT-27105",Ultragarsinė vonelė,,Gedvilas,1k/ metus,Yra,Taip,,7/28/2025,7/28/2026
58,3/3/2025,,"Grigiškių sveikatos priežiūros centras, ","Mokyklos g. 10, Grigiškės, LT-27105",DAC Universal,,,,,,Naujas,5/26/2025,
59,10/27/2020,305574952," JOLUKŠĖ","Birutės g. 22-325, Klaipėdos m.",VistaScan Mini Easy Image Plate Scanner,M441126024,Gedvilas,1k/ metus,Nėra,Taip,UAB Jolukse +370 688 15 433,2/1/2026,2/1/2027
60,9/14/2020,305574952," JOLUKŠĖ","Birutės g. 22-325, Klaipėdos m.",Kompresorius Tornado 2 su membr.džiov.,M430713015,Gedvilas,1k/ metus,Nėra,Taip,,2/2/2026,2/2/2027
61,10/12/2020,305574952," JOLUKŠĖ","Birutės g. 22-325, Klaipėdos m.",Autoklavas  DOMINA PLUS B,,Gedvilas,1k/ metus,Nėra,Taip,,2/3/2026,2/3/2027
62,10/27/2020,305574952," JOLUKŠĖ","Birutės g. 22-325, Klaipėdos m.",Dentalinis rentgenas VistaIntra DC  alkū,M204403661,Gedvilas,1k/ metus,Nėra,Taip,,2/4/2026,2/4/2027
63,9/1/2020,305574952," JOLUKŠĖ","Birutės g. 22-325, Klaipėdos m.",Odontologijos centras INTEGO,255591,Gedvilas,1k/ metus,Nėra,Taip,,2/5/2026,2/5/2027
64,9/1/2020,305574952," JOLUKŠĖ","Birutės g. 22-325, Klaipėdos m.",Odontologijos centras INTEGO,255592,Gedvilas,1k/ metus,Nėra,Taip,,2/6/2026,2/6/2027
65,1/10/2021,," Aurodenta",Plunge,Durr Dental VistaVox  3D panoraminis ren,,,,,,Aurodenta Nerijus +370 601 29 222,7/22/2025,7/22/2026
66,1/11/2021,111568069," Aurodenta",Plunge,VistaScan Mini Easy Image Plate Scanner,,,1k/ metus,,,,7/22/2025,7/22/2026
67,2/22/2021,301733670," Pažangios odont. metropolis","Naugarduko g. 8-16, Vilnius",VistaScan Mini Easy Image Plate Scanner,N444663145,valdas,1k/ metus,Yra,Taip,tel +370 699 53229,7/22/2025,7/22/2026
68,7/7/2021,2462175,MB Vilniaus ortodontijos centras,"Latvių g. 8, Vilnius",VistaScan Mini Easy Image Plate Scanner,M430563077,Tomas,1k/ metus,,Taip,,11/8/2025,11/8/2026
69,10/29/2020,2462175,MB Vilniaus ortodontijos centras,"Latvių g. 8, Vilnius",Dentalinis rentgenas VistaIntra DC  alkū,M204403662,Tomas,1k/ metus,,Taip,,11/8/2025,11/8/2026
70,,,MB Vilniaus ortodontijos centras,"Latvių g. 8, Vilnius",Durr užlydymo aparatas,N457763032,Tomas,1k/ metus,,Taip,,11/8/2025,11/8/2026
71,7/16/2021,305512623,MB Nerijaus Aleinikovo odontologijos namai,"Lakštingalos g. 8, Molėtai",VistaScan Mini Easy Image Plate Scanner,445714060,Gedvilas,1k/ metus,Nėra,Ne,,9/11/2025,9/11/2026
72,8/10/2020,305512623,MB Nerijaus Aleinikovo odontologijos namai,"Lakštingalos g. 8, Molėtai",Kompresorius Tornado 1su membr.džiov.,M424678047,Gedvilas,1k/ metus,Nėra,Ne,,9/11/2025,9/11/2026
73,8/10/2020,305512623,MB Nerijaus Aleinikovo odontologijos namai,"Lakštingalos g. 8, Molėtai",Centrinis siurblys VS 300 S (šlapias),M423147133,Gedvilas,1k/ metus,Nėra,Ne,,9/11/2025,9/11/2026
74,8/10/2020,305512623,MB Nerijaus Aleinikovo odontologijos namai,"Lakštingalos g. 8, Molėtai",Autoklavas  DOMINA PLUS B,PB021076,Gedvilas,1k/ metus,Nėra,Ne,,9/11/2025,9/11/2026
75,7/16/2021,305512623,MB Nerijaus Aleinikovo odontologijos namai,"Lakštingalos g. 8, Molėtai",Dentalinis rentgenas VistaIntra DC  alkū,204404959,Gedvilas,1k/ metus,Yra,Ne,,9/11/2025,9/11/2026
76,7/7/2020,305512623,MB Nerijaus Aleinikovo odontologijos namai,"Lakštingalos g. 8, Molėtai",Odontologijos centras INTEGO,254919,Gedvilas,1k/ metus,Nėra,Ne,,9/11/2025,9/11/2026
77,,305512623,MB Nerijaus Aleinikovo odontologijos namai,"Lakštingalos g. 8, Molėtai",Užlydymo aparatas ThermoSealer,NS000687,Gedvilas,1k/ metus,Nėra,Ne,,9/11/2025,9/11/2026
78,9/28/2023,305512623,MB Nerijaus Aleinikovo odontologijos namai,"Lakštingalos g. 8, Molėtai",NWT Antgalis 1:1 kampinis,MB0000334AL,Gedvilas,,,,,,
79,11/9/2022,305215935," Kaštonų klinika","Kaštonų g. 2-30, Vilnius",VistaScan Mini Easy Image Plate Scanner,SN445715041,Tomas,1k/ metus,Nėra,Taip,"Pirkta 2022, garantinis",10/8/2024,11/5/2025
80,5/5/2020,123229678," Dantų technikos laboratorija Denticija","Vilniaus g. 25, Vilnius",Kompresorius Quattro Tandem su  2 su mem,M423127015,,1k/ metus,,,,,10/30/2025
81,,110503937," Denticija","Kovo 11-os,49  Kaunas","VS 1200 S Central ",P477004008,Artūras,1k/ metus,,,Naujas nuo2024,2024,
82,,110503937," Denticija","Kovo 11-os,49  Kaunas","VS 1200 S Central ",P477004007,Artūras,1k/ metus,,,Naujas nuo2024,2024,
83,,110503937," Denticija","Kovo 11-os,49  Kaunas",Kompresorius Quattro Tandem su  2 membr.,P464136034,Artūras,1k/ metus,,,atvežtas iš Grybo,2024,
84,12/5/2022,110503937," Denticija","Kovo 11-os,49  Kaunas",Autoklavas  DOMINA PLUS B,22894,Artūras,1k/ metus,Yra,Taip,Tvarkinga,5/26/2025,5/26/2026
85,7/8/1905,110503937," Denticija","Kovo 11-os,49  Kaunas",Plokštelių skaitytuvas Durr 2016,H345298117,Artūras/Gedvilas,1k/ metus,Nėra,Ne,Tvarkinga,8/13/2025,8/13/2026
86,1/3/2023,110503937," Denticija",Smėlio g. 20 Vilnius,Kompresorius Quattro Tandem su  2 membr.2022,P477052006,Artūras/Gedvilas,1k/ metus,Nėra,Ne,Tvarkinga,6/10/2023,6/10/2024
87,1/3/2023,110503937," Denticija",Smėlio g. 20 Vilnius,Kompresorius Quattro Tandem su 1 membr.d 2019,P474552008,Artūras/Gedvilas,1k/ metus,Nėra,Ne,Tvarkinga,6/10/2023,6/10/2024
88,,110503937," Denticija",Smėlio g. 20 Vilnius,Plokštelių skaitytuvas Durr,J356932092,Artūras/Gedvilas,1k/ metus,Nėra,Ne,Tvarkinga,3/27/2025,3/27/2026
89,12/30/2021,110503937," Denticija",Smėlio g. 20 Vilnius,Tornado Quattro kompresorius,,Artūras/Gedvilas,1k/ metus,Nėra,Ne,Tvarkinga,6/10/2023,6/10/2024
90,3/28/2023,110503937," Denticija",Smėlio g. 20 Vilnius,Kompresorius Quattro Tandem su 1 membr.d,R478411007,Artūras/Gedvilas,1k/ metus,Nėra,Ne,Tvarkinga,6/10/2023,6/10/2024
91,12/2/2015,110503937," Denticija",Smėlio g. 20 Vilnius,Durr siurblys VS 600 2015,F327640110,Artūras/Gedvilas,1k/ metus,Nėra,Ne,Tvarkinga,6/10/2023,6/10/2024
92,12/2/2015,110503937," Denticija",Smėlio g. 20 Vilnius,Durr siurblys VS 600 2011,B226522109,Artūras/Gedvilas,1k/ metus,Nėra,Ne,Tvarkinga,6/10/2023,6/10/2024
93,12/2/2015,110503937," Denticija",Smėlio g. 20 Vilnius,VS 900 S Central 2015,F328471024,Artūras/Gedvilas,1k/ metus,Nėra,Ne,Tvarkinga,6/10/2023,6/10/2024
94,12/2/2015,110503937," Denticija",Smėlio g. 20 Vilnius,VS 900 S Central 2021,N460385012,Artūras/Gedvilas,1k/ metus,Nėra,Ne,Tvarkinga,6/10/2023,6/10/2024
95,4/28/2022,110503937," Denticija",Smėlio g. 20 Vilnius,VS 900 S Central 2022,P465789022,Artūras/Gedvilas,1k/ metus,Nėra,Ne,Tvarkinga,6/10/2023,6/10/2024
96,1/23/2023,110503937," Denticija",Laisves g. 10 Vilnius,VS 900S Central 2015,F328471005,Artūras/Gedvilas,1k/ metus,Nėra,Ne,Tvarkinga,6/10/2023,6/10/2024
97,1/23/2023,110503937," Denticija",Smėlio g. 20 Vilnius,"VS 1200 S Central ",,Artūras/Gedvilas,1k/ metus,Nėra,Ne,Tvarkinga,6/10/2023,6/10/2024
98,1/23/2023,110503937," Denticija",Smėlio g. 20 Vilnius,VS 1200 S Central 2022,P477004006,Artūras/Gedvilas,1k/ metus,Nėra,Ne,Tvarkinga,6/10/2023,6/10/2024
99,,110503937," Denticija",Smėlio g. 20 Vilnius,Užlydymo aparatas Durr 2021,P465703035,Artūras/Gedvilas,1k/ metus,Nėra,Ne,Tvarkinga,7/24/2023,7/24/2024
100,,110503937," Denticija",Smėlio g. 20 Vilnius,Užlydymo aparatas Durr,N459454072,Artūras/Gedvilas,1k/ metus,Nėra,Ne,Tvarkinga,7/16/2025,7/16/2026
101,,110503937," Denticija",Laisvės g. 10 Vilnius,Užlydymo aparatas Durr 2022,N449212072,Artūras/Gedvilas,1k/ metus,Nėra,Ne,Tvarkinga,7/17/2025,7/17/2026
102,7/11/2022,110503937," Denticija",Laisvės g. 10 Vilnius,Kompresorius Trio su membr.2022,P469603008,Artūras/Gedvilas,1k/ metus,Nėra,Ne,Tvarkinga,10/30/2024,10/30/2025
103,,110503937," Denticija",Estu g. 1  Vilnius,Užlydymo aparatas Durr 2022,P468553012,Artūras/Gedvilas,1k/ metus,Nėra,Ne,Tvarkinga,7/17/2025,7/17/2026
104,,110503937," Denticija",Smėlio g. 20 Vilnius,Plokštelių skaitytuvas Durr,,Artūras/Gedvilas,1k/ metus,Nėra,Ne,Tvarkinga,6/10/2023,6/10/2024
105,10/23/2013,241847830," VDV odontologijos klinika","S. Daukanto g.24A, Klaipėda",Cattani kompresorius,Jau nurašytas,,1k/ metus,,,,,
106,6/19/2014,125985418,"Antakalnio stomatologijos centras, ","Antakalnio g.38-36, Vilnius",Cattani kompresorius,,Artūras,1k/ metus,Nėra,Taip,,1/11/2023,1/11/2024
107,5/23/2014,125985418,"Antakalnio stomatologijos centras, ","Antakalnio g.38-36, Vilnius",Odontologijos centras C8+,P,,1k/ metus,,,Baltmedas įlindęs,,
108,5/23/2014,125985418,"Antakalnio stomatologijos centras, ","Antakalnio g.38-36, Vilnius",Odontologijos centras C8+,B,,1k/ metus,,,Baltmedas įlindęs,,
109,,125985418,"Antakalnio stomatologijos centras, ","Antakalnio g.38-36, Vilnius",Siurblys VS 600,,Artūras,1k/ metus,Nėra,Taip,,1/11/2023,1/11/2024
110,,125985418,"Antakalnio stomatologijos centras, ","Antakalnio g.38-36, Vilnius",Siurblys VS 300,,Artūras,1k/ metus,Nėra,Taip,,1/11/2023,1/11/2024
111,7/3/2018,112021238,AB SEB bankas,"Gedimino pr. 12, Vilniaus m., Vilniaus m",Kompresorius DUO su membr.džiov.,,,1k/ metus,,,Daivos l ir Arturo pardavimai,,
112,1/24/2017,112021238,AB SEB bankas,"Gedimino pr. 12, Vilniaus m., Vilniaus m",Kompresorius Tornado 2 su membr.džiov.,,,1k/ metus,,,,,
113,1/24/2017,112021238,AB SEB bankas,"Gedimino pr. 12, Vilniaus m., Vilniaus m",Centrinis siurblys VS 300 S (šlapias),,,1k/ metus,,,,,
114,7/3/2018,112021238,AB SEB bankas,"Gedimino pr. 12, Vilniaus m., Vilniaus m",Kombinuotas siurblys Durr VS600,,,1k/ metus,,,,,
115,7/3/2018,112021238,AB SEB bankas,"Gedimino pr. 12, Vilniaus m., Vilniaus m",Kombinuotas siurblys Durr VS600,,,1k/ metus,,,,,
116,7/3/2018,112021238,AB SEB bankas,"Gedimino pr. 12, Vilniaus m., Vilniaus m",Kombinuotas siurblys Durr VS600,,,1k/ metus,,,,,
117,7/3/2018,112021238,AB SEB bankas,"Gedimino pr. 12, Vilniaus m., Vilniaus m",Autoklavas  DOMINA PLUS B,,,1k/ metus,,,,,
118,6/8/2022,112021238,AB SEB bankas,"Konstitucijos pr. 24, Vilniaus m.",VistaVox S Ceph Hybrid 3D Unit rentgenas,,,1k/ metus,,,Tomo rentgenas,,
119,3/20/2020,112021238,"Danvite plius, ","Gedimino pr. 12, Vilniaus m., Vilniaus m",Odontologijos centras INTEGO,254154,,1k/ metus,,,,,
120,3/20/2020,112021238,"Danvite plius, ","Gedimino pr. 12, Vilniaus m., Vilniaus m",Odontologijos centras INTEGO,254155,,1k/ metus,,,,,
121,7/26/2016,112021238,AB SEB bankas,"Gedimino pr. 12, Vilniaus m., Vilniaus m",Odontologijos centras INTEGO,2,,1k/ metus,,,,,
122,7/26/2016,112021238,AB SEB bankas,"Gedimino pr. 12, Vilniaus m., Vilniaus m",Odontologijos centras INTEGO,1,,1k/ metus,,,,,
123,7/3/2018,112021238,AB SEB bankas,"Gedimino pr. 12, Vilniaus m., Vilniaus m",Odontologijos centras INTEGO,NR2,,1k/ metus,,,,,
124,8/9/2018,112021238,AB SEB bankas,"Gedimino pr. 12, Vilniaus m., Vilniaus m",Odontologijos centras INTEGO,244920  SP,,1k/ metus,,,,,
125,8/9/2018,112021238,AB SEB bankas,"Gedimino pr. 12, Vilniaus m., Vilniaus m",Odontologijos centras INTEGO,244919  SP,,1k/ metus,,,,,
126,1/24/2017,112021238,AB SEB bankas,"Gedimino pr. 12, Vilniaus m., Vilniaus m",Odontologijos centras INTEGO,,,1k/ metus,,,,,
127,9/1/2017,112021238,AB SEB bankas,"Gedimino pr. 12, Vilniaus m., Vilniaus m",Odontologijos centras INTEGO,240666,,1k/ metus,,,,,
128,9/1/2017,112021238,AB SEB bankas,"Gedimino pr. 12, Vilniaus m., Vilniaus m",Odontologijos centras INTEGO,240667,,1k/ metus,,,,,
129,5/27/2013,300570238,I. Kniukštienės IĮ,"Telšių g.21-3, Plungė",Kompresorius Tornado 2 su membr.džiov.,,Gedvilas,1k/ metus,Nėra,Ne,IK odontologijos kl +370 615 85 447,6/15/2022,6/15/2023
130,6/28/2013,300570238,I. Kniukštienės IĮ,"Telšių g.21-3, Plungė",Kompresorius Tornado 2 su membr.džiov.,,Gedvilas,1k/ metus,Nėra,Ne,"Galima pasiūlyti, nes daro patys",6/15/2022,6/15/2023
131,6/15/2020,300570238,I. Kniukštienės IĮ,"Telšių g.21-3, Plungė",Kompresorius Tornado 2 su membr.džiov.,M423272028,Gedvilas,1k/ metus,Nėra,Ne,"Galima pasiūlyti, nes daro patys",6/15/2022,6/15/2023
132,3/24/2016,300570238,I. Kniukštienės IĮ,"Telšių g.21-3, Plungė",Durr  Centrinis siurblys V 600 sausas,,Gedvilas,1k/ metus,Nėra,Ne,"Galima pasiūlyti, nes daro patys",6/15/2022,6/15/2023
133,6/28/2013,300570238,I. Kniukštienės IĮ,"Telšių g.21-3, Plungė",V 900 Central Suction machine,,Gedvilas,1k/ metus,Nėra,Ne,"Galima pasiūlyti, nes daro patys",6/15/2022,6/15/2023
134,9/20/2016,FA-630,Algimantas Paliukas,,Odontologijos centras INTEGO SN 227148,PALIUKAS,,1k/ metus,Nėra,Ne,,,
135,8/18/2021,125645636,D. Žiborto Į.Į,"Naugardukog.76-107,Vilnius",Odontologijos centras INTEGO,261487,Gedvilas,1k/ metus,Nėra,Ne,,,7/10/2024
136,6/15/2023,125645636,D. Žiborto Į.Į,"Naugardukog.76-107,Vilnius",Kompresorius Tornado 2 su membr.džiov.,P469101048,Gedvilas,1k/ metus,Nėra,Taip,Naujas,7/3/2023,7/3/2024
137,,125645636,D. Žiborto Į.Į,"Naugardukog.76-107,Vilnius",Siurblys VS300,,Gedvilas,1k/ metus,Nėra,Ne,,7/10/2022,7/10/2024
138,4/1/2015,300609844,"AR Baltic Medical, ","P.Lukšio 5B, Vilniaus m.,",Kompresorius Trio su membr.,,Artūras,1k/ metus,Nėra,Taip,gali reikėti bakteriologino filtro komplekto (brangesnis),7/28/2025,7/28/2026
139,4/30/2021,224486420,J. Malūnavičienės firma Joridenta,Justiniškių g. 103,Odontologijos centras INTEGO,258663,Gedvilas,1k/ metus,Nėra,Ne,,12/6/2024,12/6/2025
140,,224486420,J. Malūnavičienės firma Joridenta,Justiniškių g. 103,Odontologijos centras INTEGO,,Gedvilas,1k/ metus,Nėra,Ne,,11/11/2024,11/11/2025
141,1/7/2020,224486420,J. Malūnavičienės firma Joridenta,Justiniškių g. 103,Centrinis siurblys VS 300  L415901059,,Gedvilas,1k/ metus,Nėra,Ne,"Kompresoriui reikia sausintuvo (itališkas kažkoks, suorganizuoti)",,6/25/2024
142,9/28/2017,5607010511,Jolanta Malūnavičienė,Justiniškių g. 103,Autoklavas  DOMINA PLUS B sn.017137,,Gedvilas,1k/ metus,Nėra,Ne,,12/6/2024,12/6/2025
143,11/29/2017,174986822,J.Žeižienės ind.stom.paslaugų įmonė,"MICKEVIČIAUS 3-1, Šalčininkai",Odontologijos centras INTEGO,SALC,Gedvilas,1k/ metus,Nėra,Ne,,,7/25/2024
144,5/22/2017,300648726,IĮ Cepas,"Šilutės pl. 79, Klaipėda",Kompresorius Tornado 1su membr.džiov.,J354119024,Artūras,1k/ metus,Nėra,Taip,Cepas Arunas  +370 600 14 664,7/14/2023,7/14/2024
145,6/25/2015,173733969,Juknienės IĮ,"Jaunystės g.3-29, Rokiškis",Odontologijos centras C8+,,Artūras,1k/ metus,Nera,Ne,,,4/30/2023
146,9/7/2015,173733969,Juknienės IĮ,"Jaunystės g.3-29, Rokiškis",Autoklavas  DOMINA PLUS B SN 15758,,Artūras,1k/ metus,Nera,Ne,,,4/30/2023
147,8/11/2015,300000494,L. Metrikio IĮ,"Klevų g. 6A, Klaipėdos m., Klaipėdos m.",Kompresorius Trio su membr.,,Gedvilas,1k/ metus,,,Klevu klinika Linas +370 650 32 022,2026-0201,2/1/2027
148,9/20/2021,305633856,MB Romadenta,"S. Nėries g. 9, Rietavas",Odontologijos centras INTEGO (Bazalt),261822,Gedvilas,1k/ metus,Nėra,Ne,Roma +370 655 17 137,,3/8/2023
149,9/20/2021,305633856,MB Romadenta,"S. Nėries g. 9, Rietavas",Autoklavas  DOMINA PLUS B,,Gedvilas,1k/ metus,Nėra,Ne,,,3/8/2023
150,9/20/2021,305633856,MB Romadenta,"S. Nėries g. 9, Rietavas",Kompresorius Tornado 1su membr.džiov.,N452663046,Gedvilas,1k/ metus,Nėra,Ne,,,3/8/2023
151,12/10/2019,306142326," DT Centras","Vilties g. 9-2, Klaipėda",Kompresorius Tornado 2 su membr.džiov.,L416271009,Artūras,1k/ metus,,,"klaipeda@dtcentras.lt, 860778758",4/25/2025,4/25/2026
152,12/10/2019,306142326," DT Centras","Vilties g. 9-2, Klaipėda",DurrCentrinis siurblys VS 600 šlapias,,Artūras,1k/ metus,,,"klaipeda@dtcentras.lt, 860778759",4/25/2025,4/25/2026
153,12/10/2019,306142326," DT Centras","Vilties g. 9-2, Klaipėda",Autoklavas  DOMINA PLUS B,,Artūras,1k/ metus,,,"klaipeda@dtcentras.lt, 860778760",4/25/2025,4/25/2026
154,12/10/2019,306142326," DT Centras","Vilties g. 9-2, Klaipėda",Odontologijos centras INTEGO,253494  M,Artūras,1k/ metus,,,"klaipeda@dtcentras.lt, 860778761",7/9/2025,7/9/2026
155,12/10/2019,306142326," DT Centras","Vilties g. 9-2, Klaipėda",Odontologijos centras INTEGO,253495   M,Artūras,1k/ metus,,,"klaipeda@dtcentras.lt, 860778762",,1/4/2025
156,4/3/2018,304606023,"Telšių odontologijos namai, ","Muziejaus g. 18-1, LT-87341 Telšiai",Kompresorius Tornado 2 su membr.džiov.,,Artūras,1k/ metus,Nėra,Ne,Baltmedas,5/15/2025,5/15/2026
157,4/3/2018,304606023,"Telšių odontologijos namai, ","Muziejaus g. 18-1, LT-87341 Telšiai",Centrinis siurblys VS 300 S (šlapias),,Artūras,1k/ metus,Nėra,Ne,Baltmedas,4/25/2025,4/25/2026
158,,304606024,"Telšių odontologijos namai, ","Muziejaus g. 18-1, LT-87341 Telšiai",VistaVox,,Artūras,1k/ metus,Nėra,Ne,Mūsų Aidara +370 698 86 419,4/25/2025,4/25/2026
159,4/3/2018,304606023,"Telšių odontologijos namai, ","Muziejaus g. 18-1, LT-87341 Telšiai",Rentgeno aparatas HELIODENT Plius,,Artūras,1k/ metus,Nėra,Ne,Baltmedas,4/25/2025,4/25/2026
160,9/19/2018,303134121,"Molėtų r. pirminės sveikatos priežiūros centras, ","Graužinių g. 2, Molėtai",Odontologijos centras su skaleriu,,,1k/ metus,,,,,
161,,303134121,"Molėtų r. pirminės sveikatos priežiūros centras, ","Graužinių g. 2, Molėtai",Autoklavas Eurocem,,,1k/ metus,,,,,
162,1/26/2023,304505921," Codantis","Klaipėda, Liepų g. 50-6",Kompresorius Tornado 2 su membr.džiov.,P475198023,Artūras,1k/ metus,,Taip,Naujas kompresorius,1/26/2023,9/26/2025
163,,304505922," Codantis","Klaipėda, Liepų g. 50-6",Sirona c8,,Artūras,1k/ metus,,Ne,Codantis Šarūnė +370 681 14592,,9/26/2025
164,,304505923," Codantis","Klaipėda, Liepų g. 50-6",Intego (bet ne mūsų),,Artūras,1k/ metus,,Ne,,,9/26/2025
165,,," Codantis","Klaipėda, Liepų g. 50-6",Sterilizatorius Domina Plus,,Artūras,1k/ metus,,taip,,9/26/2024,9/26/2025
166,,," Codantis","Klaipėda, Liepų g. 50-6",Užlydymo aparatas,,,1k/ metus,,taip,,9/26/2024,9/26/2025
167,,,,"Klaipėda, Liepų g. 50-7",Vistascan Mini Plus skaneris,,,2k/ metus,,,,1/30/2024,
168,4/28/2016,111667277,"Nordea Finance Lithuania, ",Lvovo g. 25,Odontologijos centras INTEGO,,?,1k/ metus,,,,,
169,5/18/2016,111667277,"Nordea Finance Lithuania, ",Lvovo g. 25,Odontologijos centras C8+,,?,1k/ metus,,,,,
170,7/10/2015,111667277,"Nordea Finance Lithuania, ",Lvovo g. 25,"Rentgeno aparatas Vario DG, 30cm 230V",,?,1k/ metus,,,,,
171,3/28/2023,123229678," D Labs","Vilnius, Vilniaus g. 25",Kompresorius Quattro Tandem su 1 membr.d,R478411006,Artūras,1k/ metus,Nėra,Taip,Filtrų komplektas,2/10/2025,2/10/2026
172,2/22/2013,125495229,"  Indrės Aleksiejūnienės įmonė","Islandijos g.2-14, Vilnius",Odontologijos centras C8+,,Artūras,1k/ metus,Nėra,,"Senos kėdės, patys atsisako",,
173,,125495229,"  Indrės Aleksiejūnienės įmonė","Islandijos g.2-14, Vilnius",Odontologijos centras C8+,,Artūras,1k/ metus,Nėra,,"Senos kėdės, patys atsisako",,
174,4/1/2019,304289815," Dantistai","Naujoji g. 6,  Gargždai",Cattani kompresorius su džiovintuvu,C1414300,Gedvilas,1k/ metus,Nėra,Ne,Dantistai Audrius +370 698 00 574,4/25/2025,4/25/2026
175,4/1/2019,304289815," Dantistai","Naujoji g. 6,  Gargždai",Centrinis siurblys VS 300 S (šlapias),,Gedvilas,1k/ metus,Nėra,Ne,,4/25/2025,4/25/2026
176,7/8/2021,304289815," Dantistai","Naujoji g. 6,  Gargždai",Dentalinis rentgenas VistaIntra DC  alkū,204404957,Gedvilas,1k/ metus,Yra,Ne,,4/25/2025,4/25/2026
177,12/9/2019,304289815," Dantistai","Naujoji g. 6, Gargždai",Durr Dental VistaPano  2D  rentgenas,L203700898,Gedvilas,1k/ metus,Yra,Ne,,4/25/2025,4/25/2026
178,8/22/2016,304289815," Dantistai","Naujoji g. 6, Gargždai",Odontologijos centras INTEGO,0130,Gedvilas,1k/ metus,Nėra,Ne,,4/25/2025,4/25/2026
179,,304289815," Dantistai","Naujoji g. 6,  Gargždai",Durr autoklavas,,Gedvilas,1k/ metus,Nėra,Ne,,4/25/2025,4/25/2026
180,5/14/2019,304289815," Dantistai","Naujoji g. 6,  Gargždai",Odontologijos centras INTEGO,250252,Gedvilas,1k/ metus,Nėra,Ne,,4/25/2025,4/25/2026
181,2/27/2015,303229904," Futuri dentes","Didžioji g. 11-16, Vilniaus m., Vilniaus",Odontologijos centras INTEGO,P,Artūras,1k/ metus,Nėra,taip,,1/22/2024,1/22/2025
182,2/27/2015,303229904," Futuri dentes","Didžioji g. 11-16, Vilniaus m., Vilniaus",Odontologijos centras INTEGO,B,Artūras,1k/ metus,Nėra,taip,,1/22/2024,1/22/2025
183,5/28/2015,303229904," Futuri dentes","Didžioji g. 11-16, Vilniaus m., Vilniaus",Rentgenas Vario DG Mobile 230V,,Artūras,1k/ metus,Nėra,taip,,2/7/2025,2/7/2026
184,5/29/2015,303229905," Futuri dentes","Didžioji g. 11-16, Vilniaus m., Vilniaus","Užlydymo aparatas Newseal ",,,,,,,6/25/2025,6/25/2026
185,5/28/2015,303229904," Futuri dentes","Didžioji g. 11-16, Vilniaus m., Vilniaus",Autoklavas  DOMINA PLUS B,14213,Artūras,1k/ metus,Nėra,taip,,10/1/2024,10/1/2025
186,,303229904," Futuri dentes","Didžioji g. 11-16, Vilniaus m., Vilniaus",Siurblys Catanni,,Artūras,1k/ metus,Nėra,taip,,1/22/2024,1/22/2025
187,,303229904," Futuri dentes","Didžioji g. 11-16, Vilniaus m., Vilniaus",Kompresorius Catanni,,Artūras,1k/ metus,Nėra,taip,,1/22/2024,1/22/2025
188,7/31/2019,303386503," Dantų pašvaistė","Rumpiškės g.22B-47, Klaipėda",Kompresorius Tornado 1su membr.džiov. ir,L408189008,Tomas,1k/ metus,Nėra,Ne,Dantu pasvaiste Nerijus +370 656 73 600,,8/5/2023
189,12/21/2017,122747529," Baldentas","Olandų g. 9-1, Vilnius",Odontologijos centras INTEGO,B,Gedvilas,1k/ metus,Nėra,Ne,Patikrų nedaro,,
190,8/11/2015,302985350," E.Šatkutės dantų technikos laboratorija ","Taikos pr. 52-12, Klaipėda",Cattani kompresorius be džiovintuvo,,Artūras,1k/ metus,Nėra,Ne,Egle +370 612 93 684,,8/5/2023
191,,302985350," E.Šatkutės dantų technikos laboratorija ","Taikos pr. 52-12, Klaipėda",Heracast IQ liejimo aparatas,,Artūras,1k/ metus,Nėra,Ne,,,8/5/2023
192,7/29/2015,149780368," Danties linija","S.Dariaus ir S. Girėno g. 3-2, Alytus",Odontologijos centras C8+,,Gedvilas,1k/ metus,Nėra,Ne,ant klaustuko,,5/12/2023
193,4/13/2021,304975419," Danties linija plius","S.Dariaus ir S.Girėno g. 1-34, Alytaus m",Centrinis siurblys VS 300 S (šlapias),,Gedvilas,1k/ metus,Nėra,Ne,ant klaustuko,,5/12/2023
194,2017.05.02 00:00,121051579,Dantų gydytojo Liudo Arbačiausko įmonė,"D.Gerbutavičiaus g. 12-151, Vilnius",Centrinis siurblys VS 300 S (šlapias),,Gedvilas,1k/ metus,,,Sakė klientas pats išsivalys,,
195,10/9/2013,302565599," Jurmedika","Daukanto 24a, Klaipėda",Odontologijos centras C8+,,Artūras,1k/ metus,Nėra,Ne,Jurmedika Mindaugas +370 688 31 625,,6/20/2023
196,5/12/2014,302565599," Jurmedika","Daukanto 24a, Klaipėda",Odontologijos centras C8+,132780,Artūras,1k/ metus,Nėra,Ne,pagal poreiki,,6/20/2023
197,7/29/2014,302565599," Jurmedika","Daukanto 24a, Klaipėda",Odontologijos centras C8+,,Artūras,1k/ metus,Nėra,Ne,pagal poreiki,,6/20/2023
198,3/30/2022,302565599," Jurmedika","Daukanto 24a, Klaipėda",Odontologijos centras UnicLine S,,Artūras,1k/ metus,Nėra,Ne,pagal poreiki,,6/20/2023
199,10/9/2013,302565599," Jurmedika","Daukanto 24a, Klaipėda",Autoklavas  DOMINA PLUS B,,Artūras,1k/ metus,Nėra,Taip,,7/11/2025,7/11/2026
200,5/4/2023,302565599," Jurmedika","Daukanto 24a, Klaipėda",Autoklavas  DOMINA PLUS B,,Artūras,1k/ metus,Nėra,Taip,,7/11/2025,7/11/2026
201,4/7/2021,302565599," Jurmedika","Daukanto 24a, Klaipėda",Kombinuotas siurblys Durr VS600,N445484011,Artūras,1k/ metus,Nėra,Ne,,12/18/2024,12/18/2025
202,10/9/2013,302565599," Jurmedika","Daukanto 24a, Klaipėda",VS 900 Siurblys 2023,R491601003,Artūras,1k/ metus,Nėra,Taip,,7/11/2025,7/11/2026
203,,302565599," Jurmedika","Daukanto 24a, Klaipėda",Sirona dentalinis Vario DG,22903VF3237,Artūras,1k/ metus,Nėra,Taip,,7/11/2025,7/11/2026
204,,302565599," Jurmedika","Daukanto 24a, Klaipėda","Sirona panoraminis Orthophos XG  ",29512,Artūras,1k/ metus,Nėra,Taip,,7/11/2025,7/11/2026
205,,302565599," Jurmedika Holy","Kretingos 96, Klaipėda",Kombinuotas siurblys Durr VS600 2024,S509839006,Artūras,1k/ metus,,,Naujas,7/11/2025,7/11/2026
206,,302565599," Jurmedika Holy","Kretingos 96, Klaipėda",Kompresorius Tornado 130 2009,X001945,Artūras,,,,,7/11/2025,7/11/2026
207,,302565599," Jurmedika Holy","Kretingos 96, Klaipėda",Vista Scan Mini Easy2.0 2025,T518556195,Artūras,,,,Naujas,7/11/2025,7/11/2026
208,4/4/2019,302565599," Jurmedika","Daukanto 24a, Klaipėda",Kompresorius DUO  Tandem su membr.džiov.2018,K391908001,Artūras,1k/ metus,Nėra,Ne,,7/11/2025,7/11/2026
209,5/15/2025,302565599," Jurmedika Holy","Kretingos 96, Klaipėda",VistaIntra DC 2024,S204410213,Artūras,1k/ metus,Nėra,Ne,Naujas,5/15/2025,7/11/2026
210,1/10/2023,300570238," IK odontologijos klinika","Telšių g. 21-3, Plungės m.",Kompresorius Trio su membr.,P475660018,Gedvilas,1k/ metus,Nėra,Taip,IK Odontologios kl. Marius +370  615 85 447,,1/10/2024
211,10/22/2019,302929483," Klaipėdos  odontologijos centras","Verpėjų g. 2B, Klaipėda",Odontologijos centras INTEGO,252696,Gedvilas,1k/ metus,Nėra,Ne,KOC Tadas +370 692 12 187,12/12/2024,12/13/2025
212,2020.07.21 00:00,302929483," Klaipėdos  odontologijos centras","Verpėjų g. 2B, Klaipėda",Odontologijos centras INTEGO,255290,Gedvilas,1k/ metus,Nėra,Ne,,12/12/2024,12/13/2025
213,2021.09.15 00:00,302929483," KLAIPĖDOS ODONTOLOGIJOS CENTRAS","Verpėjų g. 2B, Klaipėda",Odontologijos centras INTEGO,261821,Gedvilas,1k/ metus,Nėra,Ne,,12/12/2024,12/13/2025
214,2013.03.27 00:00,302929483," KLAIPĖDOS ODONTOLOGIJOS CENTRAS","Verpėjų g. 2B, Klaipėda",Odontologijos centras C8+,,Gedvilas,1k/ metus,Nėra,Ne,,12/12/2024,12/13/2025
215,2019.10.22 00:00,302929483," Klaipėdos  odontologijos centras","Verpėjų g. 2B, Klaipėda",Kombinuotas siurblys Durr VS600,,Gedvilas,1k/ metus,Nėra,Ne,,12/12/2024,12/13/2025
216,2013.03.27 00:00,302929483," KLAIPĖDOS ODONTOLOGIJOS CENTRAS","Verpėjų g. 2B, Klaipėda",Rentgeno apar. Heliodent Plus / XL=201cm,,Gedvilas,1k/ metus,Yra,taip,,12/12/2024,12/13/2025
217,2013.03.27 00:00,302929483," KLAIPĖDOS ODONTOLOGIJOS CENTRAS","Verpėjų g. 2B, Klaipėda",Centrinis siurblys VS 300 S (šlapias),,Gedvilas,1k/ metus,Nėra,Ne,,12/12/2024,12/13/2025
218,2022.02.17 00:00,303426570," Kadenta","Kretingos g. 33-9, Klaipėda",Kompresorius Tornado 2 su membr.džiov.,N458425078,Artūras,1k/ metus,Nėra,Ne,Codantis Šarūnė +370 681 14592,1/31/2026,1/31/2027
219,2014.03.18 00:00,303254010," Aukštaitijos implantologijos klinika","Ukmergės g. 14-3, Panevėžio m.,",Kompresorius su džiovintuvu,,,1k/ metus,,,Baltmedo perimti,,
220,2014.04.29 00:00,303254010," Aukštaitijos implantologijos klinika","Ukmergės g. 14-3, Panevėžio m.,",Cattani kompresorius be džiovintuvo,,,1k/ metus,,,Baltmedo perimti,,
221,2014.03.18 00:00,303254010," Aukštaitijos implantologijos klinika","Ukmergės g. 14-3, Panevėžio m.,",Sterilizatorius DOMINA PLUS B,,,1k/ metus,,,Baltmedo perimti,,
222,2014.04.29 00:00,303254010," Aukštaitijos implantologijos klinika","Ukmergės g. 14-3, Panevėžio m.,",Autoklavas  DOMINA PLUS B,,,1k/ metus,,,Baltmedo perimti,,
223,2014.03.18 00:00,303254010," Aukštaitijos implantologijos klinika","Ukmergės g. 14-3, Panevėžio m.,",Rentgeno aparatas Orthophos XG 3D,,,1k/ metus,,,Baltmedo perimti,,
224,2014.04.29 00:00,303254010," Aukštaitijos implantologijos klinika","Ukmergės g. 14-3, Panevėžio m.,",Vario DG Mobile 230V,,,1k/ metus,,,Baltmedo perimti,,
225,2014.03.18 00:00,303254010," Aukštaitijos implantologijos klinika","Ukmergės g. 14-3, Panevėžio m.,",Odontologijos centras C8+,,,1k/ metus,,,Baltmedo perimti,,
226,2014.04.29 00:00,303254010," Aukštaitijos implantologijos klinika","Ukmergės g. 14-3, Panevėžio m.,",Odontologijos centras C8+,,,1k/ metus,,,Baltmedo perimti,,
227,2023.04.18 00:00,303017196," Mėjdenta",Liepu g. 54 Klaipeda,Odontologijos centras INTEGO,369126,Artūras,1k/ metus,Nėra,Taip,Liepu klinika Andrius +370 698 16 152,7/11/2025,7/11/2026
228,2016.11.15 00:00,303017196," Mėjdenta",Liepu g. 54 Klaipeda,Odontologijos centras INTEGO,,Artūras,1k/ metus,Nėra,Taip,Tvarkinga,7/11/2025,7/11/2026
229,,303017196," Mėjdenta",Liepu g. 54 Klaipeda,Odontologijos centras INTEGO,,,,,,Naujas,1/7/2024,7/11/2026
230,,303017196," Mėjdenta",Liepu g. 54 Klaipeda,Odontologijos centras INTEGO,,,,,,Naujas,1/7/2024,7/11/2026
231,2023.04.12 00:00,303017196," Mėjdenta",Liepu g. 54 Klaipeda,Dentalinis rentgenas VistaIntra DC  alkū,P204407386,Artūras,1k/ metus,Nėra,Taip,Tvarkinga,7/11/2025,7/11/2026
232,2018.04.18 00:00,303017196," Mėjdenta",Liepu g. 54 Klaipeda,Durr Dental VistaPano  2D  rentgenas,J203700399,Artūras,1k/ metus,Nėra,Taip,Tvarkinga,7/11/2025,7/11/2026
233,2016.11.15 00:00,303017196," Mėjdenta",Liepu g. 54 Klaipeda,Autoklavas  DOMINA PLUS B,,Artūras,1k/ metus,Nėra,Taip,Tvarkinga,7/11/2025,7/11/2026
234,2016.11.15 00:00,303017196," Mėjdenta",Liepu g. 54 Klaipeda,Centrinis siurblys VS 300 S (šlapias),,Artūras,1k/ metus,Nėra,Taip,Tvarkinga,7/11/2025,7/11/2026
235,2017.01.24 00:00,303017196," Mėjdenta",Liepu g. 54 Klaipeda,Centrinis siurblys VS 300 S (šlapias),,Artūras,1k/ metus,Nėra,Taip,Tvarkinga,7/11/2025,7/11/2026
236,2017.01.24 00:00,303017196," Mėjdenta",Liepu g. 54 Klaipeda,Centrinis siurblys VS 300 S (šlapias),,Artūras,1k/ metus,Nėra,Taip,Naujas,1/7/2024,7/11/2026
237,2017.01.24 00:00,303017196," Mėjdenta",Liepu g. 54 Klaipeda,Centrinis siurblys VS 300 S (šlapias),,Artūras,1k/ metus,Nėra,Taip,Naujas,1/7/2024,7/11/2026
238,7/8/1905,303017196," Mėjdenta",Liepu g. 54 Klaipeda,Sirona dentaliniai rentgenai Heliodent+,42308,Artūras,1k/ metus,Nėra,Taip,Tvarkinga,7/11/2025,7/11/2026
239,7/8/1905,303017196," Mėjdenta",Liepu g. 54 Klaipeda,Sirona dentaliniai rentgenai Heliodent+,42284,Artūras,1k/ metus,Nėra,Taip,Tvarkinga,7/11/2025,7/11/2026
240,2016.11.15 00:00,303017196," Mėjdenta",Liepu g. 54 Klaipeda,Kompresorius Tornado 2 su membr.džiov.,,Artūras,1k/ metus,Nėra,Taip,Tvarkinga,7/11/2025,7/11/2026
241,5/2/2023,4517985," Odontologė","V. Kudirkos g. 66B, Šiauliai",Odontologijos centras INTEGO,369010,Artūras,1k/ metus,Nėra,Taip,Nauja,5/15/2025,5/15/2026
242,2/4/2005,4517985," Odontologė","V. Kudirkos g. 66B, Šiauliai",Odontologijos centras C4,,Artūras,1k/ metus,Nėra,Taip,,5/15/2025,5/15/2026
243,,4517985," Odontologė","V. Kudirkos g. 66B, Šiauliai",Siurblys VS300,,Artūras,1k/ metus,Nėra,Taip,,5/15/2025,5/15/2026
244,,4517985," Odontologė","V. Kudirkos g. 66B, Šiauliai",Autoklavas SIROCLAVE,,Artūras,1k/ metus,Nėra,Taip,,5/15/2025,5/15/2026
245,3/7/2005,4517985," Odontologė","V. Kudirkos g. 66B, Šiauliai",Kompresorius Durr Tornado 2,,Artūras,1k/ metus,Nėra,Taip,,,5/15/2026
246,2020.06.30 00:00,124244754,"  Karoliniškių poliklinika",Asanavičiūtės g. 27A,Dentalinis rentgeno aparatas Vista Intra,M204403474,Artūras,1k/ metus,Ne,?,,,
247,11/17/2023,124244754,"  Karoliniškių poliklinika",Asanavičiūtės g. 27A,Panoraminis rentgenas VistaPano,P203702682,Artūras,1k/ metus,Ne,?,,,
248,7/22/2025,124244755,"  Karoliniškių poliklinika",Asanavičiūtės g. 27A,VistaScan skaneris lazdynų filialas,T523193063,Valdas,1k/ metus,"NE ",,,"2025 07 15 ",2026 08 01
249,8/9/2024,124244754,"  Karoliniškių poliklinika",Asanavičiūtės g. 27A,VistaScan skaneris  karoliniškių filialas,S504558075,Artūras,1k/ metus,Ne,?,,,
250,2021.01.29 00:00,124243990," Naujininkų poliklinika",Dariaus ir Girėno g. 18,Panoraminis rentgenas,M203701394,Artūras/Tomas,1k/ metus,Nėra,Taip,,2024.10.22,8/31/2025
251,2019.11.22 00:00,124243990," Naujininkų poliklinika",Dariaus ir Girėno g. 18,Dentalinis rentgenas VistaIntra DC  alkū,L204402388,Artūras/Tomas,1k/ metus,Nėra,Taip,,2024.10.22,8/31/2025
252,2019.11.22 00:00,124243990," Naujininkų poliklinika",Dariaus ir Girėno g. 18,Durr Vistaray 7 viziografas,L415635009,Artūras/Tomas,1k/ metus,Nėra,Taip,,2024.10.22,8/31/2025
253,2019.11.21 00:00,124243990," Naujininkų poliklinika",Dariaus ir Girėno g. 18,Odontologijos centras INTEGO,252865,Artūras/Tomas,1k/ metus,Nėra,Ne,,,9/10/2023
254,2019.11.21 00:00,124243990," Naujininkų poliklinika",Dariaus ir Girėno g. 18,Odontologijos centras INTEGO,252864,Artūras/Tomas,1k/ metus,Nėra,Ne,,,9/10/2023
255,2019.11.21 00:00,124243990," Naujininkų poliklinika",Dariaus ir Girėno g. 18,Odontologijos centras INTEGO,252881,Artūras/Tomas,1k/ metus,Nėra,Ne,,,9/10/2023
256,2019.11.25 00:00,124243990," Naujininkų poliklinika",Dariaus ir Girėno g. 18,Centrinis siurblys  V250 (sausas),,Artūras/Tomas,1k/ metus,Nėra,Ne,,,9/10/2023
257,5/12/2022,124243990," Naujininkų poliklinika",V. Sirokomlės g. 8,Hygopac View užlydymo aparatas,P468553008,Artūras,1k/ metus,,,,2025.04.22,5/1/2026
258,2014.12.17 00:00,301731566," Vimeta","Ledos g. 27E-6, Užliedžių k., Kauno r. s",Odontologijos centras INTEGO,200508,Gedvilas,1k/ metus,Nėra,Ne,,,9/10/2023
259,2016.09.07 00:00,151343272," Balčiūnų klinika","P. Vaičaičio g. 11, Marijampolės m., Mar",Kompresorius Trio su membr.,,Artūras,1k/ metus,Nėra,Ne,tvarko patys,,3/15/2023
260,2015.02.11 00:00,151343272," Balčiūnų klinika","P. Vaičaičio g. 11, Marijampolės m., Mar",DurrCentrinis siurblys VS 600 šlapias,,Artūras,1k/ metus,Nėra,Ne,tvarko patys,,3/15/2023
261,2020.03.04 00:00,151343272," Balčiūnų klinika","P. Vaičaičio g. 11, Marijampolės m., Mar",DurrCentrinis siurblys VS 600 šlapias,,Artūras,1k/ metus,Nėra,Ne,tvarko patys,,3/15/2023
262,,151343272," Balčiūnų klinika","P. Vaičaičio g. 11, Marijampolės m., Mar",Sterilizatorius DOMINA PLUS,,Artūras,1k/ metus,Nėra,Ne,tvarko patys,,3/15/2023
263,,151343272," Balčiūnų klinika","P. Vaičaičio g. 11, Marijampolės m., Mar",Odontologijos centras INTEGO,,Artūras,1k/ metus,Nėra,Ne,tvarko patys,,3/15/2023
264,,151343272," Balčiūnų klinika","P. Vaičaičio g. 11, Marijampolės m., Mar",Odontologijos centras INTEGO,,Artūras,1k/ metus,Nėra,Ne,tvarko patys,,3/15/2023
265,,151343272," Balčiūnų klinika","P. Vaičaičio g. 11, Marijampolės m., Mar",Odontologijos centras INTEGO,,Artūras,1k/ metus,Nėra,Ne,tvarko patys,,3/15/2023
266,,151343272," Balčiūnų klinika","P. Vaičaičio g. 11, Marijampolės m., Mar",Odontologijos centras C8,,Artūras,1k/ metus,Nėra,Ne,tvarko patys,,3/15/2023
267,,151343272," Balčiūnų klinika","P. Vaičaičio g. 11, Marijampolės m., Mar",Odontologijos centras C8,,Artūras,1k/ metus,Nėra,Ne,tvarko patys,,3/15/2023
268,,151343272," Balčiūnų klinika","P. Vaičaičio g. 11, Marijampolės m., Mar",Sirona Heliodent rentgenas,,Artūras,1k/ metus,Nėra,Ne,tvarko patys,,3/15/2023
269,2021.05.05 00:00,173036870," A.Didžiulio odontologijos klinika","Taikos g. 1-1, Rokiškis",Odontologijos centras INTEGO,258662,Artūras,1k/ metus,Nėra,Ne,,,6/19/2024
270,,173036870," A.Didžiulio odontologijos klinika","Taikos g. 1-1, Rokiškis",Sirona Heliodent Plius,10196,Artūras,1k/ metus,Yra,Ne,,3/14/2025,4/18/2026
271,,173036870," A.Didžiulio odontologijos klinika","Taikos g. 1-1, Rokiškis",Odontologijos centras C8+,,Artūras,1k/ metus,Nėra,Ne,,,6/19/2024
272,,173036870," A.Didžiulio odontologijos klinika","Taikos g. 1-1, Rokiškis",Odontologijos centras A-DEC 300,,Artūras,1k/ metus,Nėra,Ne,,3/14/2025,3/14/2026
273,,," A.Didžiulio odontologijos klinika","Taikos g. 1-1, Rokiškis",Sterilizatorius  DOMINA PLUS B,,Artūras,1k/ metus,Nėra,Ne,,,6/19/2024
274,2014.04.14 00:00,302706473," AND Klinika","Žirmūnų 107, Vilnius",Sterilizatorius  DOMINA PLUS B,,Artūras,1k/ metus,Nėra,Taip,,9/10/2025,9/10/2026
275,,302706473," AND Klinika","Žirmūnų 107, Vilnius",Užlydymo aparatas New Seal,,Artūras,1k/ metus,Nėra,Ne,,9/10/2025,9/10/2026
276,,302706473," AND Klinika","Žirmūnų 107, Vilnius",Dentalinis Rentgena VistaIntra 2023,R204408716,Artūras,1k/ metus,,,,7/18/2025,7/18/2026
277,,302706473," AND Klinika","Žirmūnų 107, Vilnius",3D Rentgenas VistaVox 2023,R488776008,Artūras,1k/ metus,,,,7/18/2025,7/18/2026
278,,302706473," AND Klinika","Žirmūnų 107, Vilnius",VistaScan 2024,S497485126,Artūras,1k/ metus,,,,7/18/2025,7/18/2026
279,2019.09.02 00:00,301533381,Bangų odontologijos klinika,"Bangų g. 7-3, LT-91250 Klaipėda",Odontologijos centras INTEGO,,Gedvilas,1k/ metus,Nėra,Ne,Bangu klinika Egle +370 698 28 854,5/15/2025,5/15/2026
280,2021.02.03 00:00,301533381,Bangų odontologijos klinika,"Bangų g. 7-3, LT-91250 Klaipėda",Centrinis siurblys VS 300 S (šlapias),,Gedvilas,1k/ metus,Nėra,Ne,,5/15/2025,5/15/2026
281,2017.11.14 00:00,124837110," J. E. Milerių odontologijos klinika","Algirdo g.13/8-16, Vilnius","Odontologijos centras INTEGO, 231113",,Gedvilas,1k/ metus,Nėra,Ne,,,11/10/2025
282,2020.07.23 00:00,124837110," J. E. Milerių odontologijos klinika","Algirdo g.13/8-16, Vilnius",Autoklavas  DOMINA PLUS B,,Gedvilas,1k/ metus,Nėra,Taip,,2/4/2025,2/4/2026
283,2017.02.07 00:00,124837110," J. E. Milerių odontologijos klinika","Algirdo g.13/8-16, Vilnius",Centrinis siurblys VS 300 S (šlapias),,Gedvilas,1k/ metus,Nėra,Ne,,,11/10/2025
284,2017.03.13 00:00,124837110," J. E. Milerių odontologijos klinika","Algirdo g.13/8-16, Vilnius",Centrinis siurblys VS 300 S (šlapias),,Gedvilas,1k/ metus,Nėra,Ne,,11/10/2024,11/10/2025
285,,124837110," J. E. Milerių odontologijos klinika","Algirdo g.13/8-16, Vilnius",Kompresorius Durr Tornado 2 su membr.,,Gedvilas,1k/ metus,Nėra,Taip,,10/8/2024,10/8/2025
286,2019.12.18 00:00,305295237," Majų odontologijos klinika",Aludarių g. Vilnius,Odontologijos centras INTEGO,253417,Gedvilas,1k/ metus,Nėra,Ne,"Nereikia patikrų, tvarko iš šalies kažkas. Jei suges, mokės daugiau",,10/15/2022
287,2019.12.18 00:00,305295237," Majų odontologijos klinika",Aludarių g. Vilnius,Odontologijos centras INTEGO,253416,Gedvilas,1k/ metus,Nėra,Ne,"Nereikia patikrų, tvarko iš šalies kažkas. Jei suges, mokės daugiau",,10/15/2022
288,2020.01.23 00:00,305295237," Majų odontologijos klinika",Aludarių g. Vilnius,Autoklavas  DOMINA PLUS B,,Gedvilas,1k/ metus,Nėra,Ne,"Nereikia patikrų, tvarko iš šalies kažkas. Jei suges, mokės daugiau",,10/15/2022
289,2020.01.23 00:00,305295237," Majų odontologijos klinika",Aludarių g. Vilnius,DurrCentrinis siurblys VS 600 šlapias,,Gedvilas,1k/ metus,Nėra,Ne,"Nereikia patikrų, tvarko iš šalies kažkas. Jei suges, mokės daugiau",,10/15/2022
290,2020.01.23 00:00,305295237," Majų odontologijos klinika",Aludarių g. Vilnius,Kompresorius Tornado 2 su membr.džiov.,L416271006,Gedvilas,1k/ metus,Nėra,Ne,"Nereikia patikrų, tvarko iš šalies kažkas. Jei suges, mokės daugiau",,10/15/2022
291,2017.06.14 00:00,151387774," Eglės Kireilienės klinika","Kauno g. 78, Marijampolės m., Marijampol",Kompresorius Tornado 2,J359497003,Tomas,1k/ metus,Nėra,Ne,Kontaktas: +370 610 41555. Daro priežiūras kaziolai garažiniai. Atsisakė,,8/3/2023
292,2013.05.22 00:00,112027077,Misko klinika/Moliaris,Pamėnkalnio 40,Odontologijos centras C8+,,Gedvilas,1k/ metus,Nėra,Ne,,9/15/2024,9/15/2025
293,2015.04.15 00:00,112027077,Misko klinika/Moliaris,Pamėnkalnio 40,Odontologinis centras Sirona C8+,,Gedvilas,1k/ metus,Nėra,Ne,,9/15/2024,9/15/2025
294,2015.04.15 00:00,112027077,Misko klinika/Moliaris,Pamėnkalnio 40,Vario DG / Arm L=80cm,,Gedvilas,1k/ metus,Nėra,Ne,,9/12/2024,9/15/2025
295,2013.05.22 00:00,,Misko klinika/Moliaris,Pamėnkalnio 40,Autoklavas  DOMINA PLUS B,,Gedvilas,1k/ metus,Nėra,Ne,,12/12/2024,12/13/2025
296,2015.04.15 00:00,112027077,Misko klinika/Moliaris,Pamėnkalnio 40,DurrCentrinis siurblys VS 600 šlapias,,Gedvilas,1k/ metus,Nėra,Ne,,12/12/2024,12/13/2025
297,2013.05.22 00:00,112027077,Misko klinika/Moliaris,Pamėnkalnio 40,Cattani kompresorius 2st.,,Gedvilas,1k/ metus,Nėra,Ne,,12/12/2024,12/13/2025
298,2015.04.15 00:00,," Medicinos Bankas",Pamėnkalnio 40,Autoklavas  DOMINA PLUS B,,,1k/ metus,,,,12/12/2024,12/13/2025
299,2016.10.10 00:00,302534422," L&B klinika","Vilniaus g.43/4, Molėtai",Kompresorius Tornado 2,,Artūras,1k/ metus,Nėra,Ne,Mardentas perėmęs,,9/15/2023
300,,302534422," L&B klinika","Vilniaus g.43/4, Molėtai",Odontologijos centras C8+,,Artūras,1k/ metus,Nėra,Ne,Mardentas perėmęs,,9/15/2023
301,,302534422," L&B klinika","Vilniaus g.43/4, Molėtai",Autoklavas  DOMINA PLUS B,,Artūras,1k/ metus,Nėra,Ne,Mardentas perėmęs,,9/15/2023
302,,," L&B klinika","Vilniaus g.43/4, Molėtai",Dentalinis rentgenas Vario DG,2602VA0394,Artūras,1k/ metus,Nėra,Ne,,3/3/2025,3/3/2026
303,2017.12.28 00:00,304315555," Rokiškio odontologijos klinika","Respublikos 60, Rokiškis",Odontologijos centras INTEGO,P,Gedvilas,1k/ metus,Nėra,Nera irangos,,,9/19/2024
304,2017.10.30 00:00,304315555," Rokiškio  odontologijos klinika","Respublikos 60, Rokiškis",Odontologijos centras INTEGO,,Gedvilas,1k/ metus,Nėra,Nera irangos,,,9/19/2024
305,2017.10.30 00:00,304315555," Rokiškio  odontologijos klinika","Respublikos 60, Rokiškis",Užlydymo NewSeal,0263,Gedvilas,1k/ metus,Nėra,Ne,,7/28/2025,7/28/2026
306,2017-03-13,304315555," Rokiškio  odontologijos klinika","Respublikos 60, Rokiškis",Autoklavas  DOMINA PLUS B,017136,Gedvilas,1k/ metus,Nėra,Ne,,7/28/2025,7/28/2026
307,2017-03-13,304315555," Rokiškio  odontologijos klinika","Respublikos 60, Rokiškis",Centrinis siurblys VS 300 S (šlapias),,Gedvilas,1k/ metus,Nėra,Ne,Nenauduoja,,9/19/2024
308,1/20/2023,304458934," Mindaugo laboratorija","Liepojos g. 7-16, Klaipėdos m.",Kompresorius Tornado 2,R478880011,Gedvilas,1k/ metus,Nėra,Taip,Naujas,,1/20/2024
309,7/31/2013,303076789,Auktaitijos odontologijos namai,"Aušros 29, Rokiškis",Odontologijos centras C8+,,,1k/ metus,,,,,
310,7/31/2013,303076789,Auktaitijos odontologijos namai,"Aušros 29, Rokiškis",Autoklavas  DOMINA PLUS B,,,1k/ metus,,,,10/10/2024,10/10/2025
311,8/19/2013,303076789,Aukštaitijos odontologijos namai,"Aušros 29, Rokiškis",Centrinis siurblys VS 300 S (šlapias),,,1k/ metus,,,,,
312,11/22/2021,302668268," Technidanta","Naudvariškių g.25, Mazūriškių km. Klaipė",Kompresorius Tornado 2 su membr.džiov.,N456907093,Gedvilas,1k/ metus,Nėra,Ne,Technidanta Giedrius +370 618 26 854,,11/22/2022
313,12/21/2017,124244035," Antakalnio poliklinika","Antakalnio g.59, Vilnius",Odontologijos centras INTEGO,,,1k/ metus,,,Baltmedas aptarnauja,,
314,,124244035," Antakalnio poliklinika","Antakalnio g.59, Vilnius",Odontologijos centras INTEGO,,,,,,Baltmedas aptarnauja,,
315,2017.12.21 00:00,304732552," Židentika","Gėlių g. 5-1, LT-39181 Pasvalys",Kompresorius Tornado 1su membr.džiov.,,Gedvilas,1k/ metus,Nėra,Ne,,2/5/2026,2/5/2027
316,2017.12.21 00:00,304732552," Židentika","Gėlių g. 5-1, LT-39181 Pasvalys",Centrinis siurblys VS 300 S (šlapias),,Gedvilas,1k/ metus,Nėra,Ne,,2/5/2026,11/27/2025
317,,304732552," Židentika","Gėlių g. 5-1, LT-39181 Pasvalys",Odontologijos centras INTEGO,,Gedvilas,1k/ metus,Nėra,Ne,,11/27/2024,2/5/2027
318,2016.08.30 00:00,135042056," Respublikinė Kauno ligoninė","Hipodromo g. 13, Kauno m., Kauno m. sav.",Paciento kėdė INTEGO,,Gedvilas,1k/ metus,Nėra,Ne,Reikia sutarties,,-
319,4/9/2014,177329059," Šilutės pirminės sveikatos priežiūros centras","Rusnės g. 1, Šilutės m., Šilutės r. sav.",Odontologijos centras C8+,0401,Gedvilas,1k/ metus,Nėra,Ne,Silutes pspc  Nida +370 653 69 373,,-
320,3/12/2014,135714657,V. Šaikaus IĮ,"Vėtrungės g. 6-44, Kauno m., Kauno m. sa",Rentgeno aparatas Vario DG / M=80cm,,Artūras,1k/ metus,Nėra,Ne,Parduota klinika,,6/15/2023
321,11/25/2014,302334628," Dragūnų odontologijos centras","Dragūnų g.1, Klaipėda",DurrCentrinis siurblys VS 600 šlapias,,Artūras,1k/ metus,Nėra,Ne,Dragunu od. c. Darius +370 687 38 844,,5/18/2023
322,1/24/2020,302435285," LAUSIMA","Atgimimo g. 39, LT-28138 Utena",Autoklavas  DOMINA PLUS B,+37061246475   F405,Gedvilas,1k/ metus,Nėra,Ne,,2025 01 02,2027 02 02
323,1/30/2015,300155085," Processus","Žiemgalių g. 3E, LT-48213 Kaunas",DurrCentrinis siurblys VS 600 šlapias,,,1k/ metus,,,"Nemokus, bet paskambinti",,
324,12/11/2018,304533881," Sversa",Architektų g.56-101,Autoklavas  DOMINA PLUS B  sn.018099,,,1k/ metus,,,Reikia pasiskambinti,,
325,12/3/2015,302563541," Virginsta Zarasų odontologijos klinika","Sporto g.14., Zarasai",Autoklavas  DOMINA PLUS B,,,1k/ metus,,,Reikia pasiskambinti,,
326,5/2/2016,124491377," A. Mackevičiaus odont. klinika","L. Stuokos-Gucevičiaus g. 9-9, Vilniaus","Autoklavas  DOMINA PLUS B,     SN15717",,,1k/ metus,,,Reikia pasiskambinti,,
327,4/16/2014,303222354," LOLIDENTA","Stoties g-vė ,49 Pasvalys",Autoklavas  DOMINA PLUS B,,,1k/ metus,,,Reikia pasiskambinti,,
328,8/12/2020,300768437," Šiuolaikinės odontologijos centras","J. Basanavičiaus g.29-6, Vilnius",Autoklavas  DOMINA PLUS B,,valdas,1k/ metus,,,Problematiškai mokus. Skambina patys,10/1/2025,10/1/2026
329,6/5/2018,304292811,Albadenta,"Pulko g 46, Alytus",Autoklavas  DOMINA PLUS B PB18084,,Gedvilas,1k/ metus,Nėra,Taip,,2/23/2025,2/23/2026
330,8/3/2021,304292811,Albadenta,"Pulko g 46, Alytus",Autoklavas  DOMINA PLUS B,,Gedvilas,1k/ metus,Nėra,Taip,,2/23/2025,2/23/2026
331,12/22/2017,5308293,Viešoji įstaiga Papilės ambulatorija,"J. Basanavičiaus g. 19A, Papilės mstl.",Autoklavas  DOMINA PLUS B,,,1k/ metus,,,Reikia pasiskambinti,,
332,6/1/2015,300054595," Palangos odontologijos centras","Vytauto g. 106/42, Palangos m., Palangos",Autoklavas  DOMINA PLUS B sn.13655,,Artūras,1k/ metus,Nėra,Ne,parduota imone,,
333,,300054595," Palangos odontologijos centras","Vytauto g. 106/42, Palangos m., Palangos",Autoklavas  DOMINA PLUS B,,Artūras,1k/ metus,Nėra,Ne,Reikia pasiskambinti,,
334,11/17/2022,142169463,"Brožynų sveikatos centras,","Brožynų g.8-28, Klaipėda",Autoklavas  DOMINA PLUS B,,Gedvilas,1k/ metus,Nėra,Ne,Brozynu klinika Marius +370 659 18 972,,11/17/2023
335,6/20/2016,125957582,"Dentastra , ","Rygos g.6-156, Vilnius",Autoklavas  DOMINA PLUS B,,Artūras,1k/ metus,Nėra,Ne,Nera,,
336,,125957582,"Dentastra , ","Rygos g.6-156, Vilnius",Autoklavas  DOMINA PLUS B,,Artūras,1k/ metus,Nėra,Ne,,6/30/2025,6/30/2026
337,6/12/2020,141885011,Švyturio odontologijos klinika,"Šermukšnių g. 1, Klaipėdos m., Klaipėdos",Autoklavas  DOMINA PLUS B,,Valdas,1k/ metus,Ne,Taip,Svyturio od kl Henrikas +370 698 88 148,10/28/2025,10/28/2026
338,,,Švyturio odontologijos klinika,"Šermukšnių g. 1, Klaipėdos m., Klaipėdos","Newseal užlydymo aparatas ",,Valdas,,,,,10/28/2025,10/28/2026
339,5/14/2013,147827189,I.Stauskienės stomatologijos kabinetas,"Marijonų g. 37A-35, LT-35126 Panevėžys",Autoklavas  DOMINA PLUS B,,Artūras,1k/ metus,Nėra,Ne,Nedirba,,
340,1/24/2022,301730934,IĮ Album dentis,"Sausio 15-osios g.13-22, Klaipėda",Autoklavas  DOMINA PLUS B,,Gedvilas,1k/ metus,Yra,Ne,Tadas +370 672 51 976,1/28/2022,1/28/2023
341,8/3/2022,305142647,"Naugarduko odontologijos klinika, MB","Kalnėnų g. 38, Vilnius",Autoklavas  DOMINA PLUS B,,Artūras,1k/ metus,,,,7/9/2025,7/9/2026
342,,305142647,"Naugarduko odontologijos klinika, MB","Kalnėnų g. 38, Vilnius",Siurblys VS 600,,Artūras,1k/ metus,,,Garantinis,7/9/2025,7/9/2026
343,,305142647,"Naugarduko odontologijos klinika, MB","Kalnėnų g. 38, Vilnius",Odontologinis centras C8+,,Artūras,1k/ metus,,,Nenaudojama kedė,,
344,3/24/2014,179468470,L.Kavaliauskienės dantų protezavimo įmonė,"Knygnešio g.30, Tauragė",Autoklavas  DOMINA PLUS B,PB14199,Artūras,1k/ metus,Yra,Ne,Liuda +370 699 04218,,12/10/2022
345,,179468470,L.Kavaliauskienės dantų protezavimo įmonė,"Knygnešio g.30, Tauragė",Užlydymo aparatas New Seal,0209,Artūras,1k/ metus,Yra,Ne,Reikia pasiskambinti,,12/10/2022
346,5/2/2022,124175913," Beadenta","Pylimo g.  63, Vilnius",Autoklavas  DOMINA PLUS B,,Valdas,1k/ metus,Nėra,Taip,,9/23/2025,9/23/2026
347,1/15/2014,26163339," Diodenta","Vydūno g. 7/38, Vilnius",Autoklavas  DOMINA PLUS B,,Gedvilas,1k/ metus,Nėra,Ne,,11/13/2024,11/13/2025
348,10/23/2013,302317689," Jugas","Sedos g. 8, LT-89233 Mažeikiai",Autoklavas  DOMINA PLUS B,,Artūras,1k/ metus,Nėra,Ne,Reikia pasiskambinti,,
349,,111959420,Nac. Vezio institutas,Vilnius,Sirona Intego,12053206,Gedvilas,1k/metus,Yra,Taip,"Tvarkinga, 54,45 eur",1/20/2025,1/20/2026
350,,303159295,Austri medica,Vilnius,OWANDY Elios AC rentgenas,31101209,Artūras,1k/metus,Yra,Taip,Tvarkinga,2/3/2025,2/3/2026
351,,,Austri medica,Vilnius,Autoklavas  DOMINA PLUS B,,Artūras,1k/metus,Nėra,Taip,Tvarkinga,11/7/2024,11/7/2025
352,,302533936,S. Damalkienės odontologijos klinika,Kėdainiai,Sirona Heliodent Vario rentgenas,3512,Artūras,1k/metus,Yra,Taip,Tvarkinga,3/14/2025,3/14/2026
353,,304819391,Odontologija jums,"Miško g. 25A, LT-44313 Kaunas",Autoklavas  DOMINA PLUS B,008056,,1k/metus,Yra,Ne,Reikia pasiskambinti,4/7/2022,4/7/2023
354,,302424189,"APAS, IĮ odontologijos kabinetas",Vilnius,Sirona Heliodent Vario,08587,Artūras,1k/metus,Yra,Taip,Paskambinti nuo 2025-01-01,10/10/2022,10/10/2023
355,,122410490,N. Jakienės stomatologijos kabinetas,"Subačiaus g. 10-7, LT-01302 Vilnius",Owandy Elios AC,27070163,Artūras,1k/metus,Yra,Taip,Tvarkinga,7/22/2025,7/22/2026
356,,300929591,Sidenta,Pasvalys,Owandy Altis DC,,Artūras,1k/metus,Yra,Taip,Paskambinti dėl sutarties liepos 25d.,8/30/2023,8/30/2024
357,,300929591,Sidenta,Pasvalys,Stomatologijos centras A-Dec 500,,Artūras,1k/metus,Nėra,Ne,"  Mardentas peremes",,7/25/2023
358,,300929591,Sidenta,Pasvalys,Catani Vakuumo siurblys (Šlapias),,Artūras,1k/metus,Nėra,Ne,"  Mardentas peremes",,7/25/2023
359,,304514532," Gintariniai Žirgai",Palanga,Gierth Rentgeno diagnost. Sistema,,Artūras,1k/metus,Yra,Taip,,3/20/2024,3/20/2025
360,,300518095,DENTEMA,"Taikos pr. 75-39, LT-50434 Kaunas","Sirona C8+, Heliodent DC",,Gedvilas,1k/metus,Yra (neterminuota),Ne,Baltmed aptarnauja,6/7/2024,6/7/2025
361,,135751837,"Drulienes ","Antanavos g. 9-39, LT-46273 Kaunas",Sirona Heliodent Vario,03512,Artūras,1k/metus,Yra,taip,,5/26/2025,5/26/2026
362,,235745550,Minkevičienės I.Į,"Šarkuvos g. 13-30, LT-48155 Kaunas",Sirona Heliodent Vario,,,1k/metus,Nėra,Ne," perėmęs Baltmed",,4/16/2019
363,,302812359,Nident,"Durpyno g. 12A, Mažeikiai",Sirona rentgenas Vario DG,2901VF2825,Artūras,1k/metus,Nėra,Ne,Pratęsimo neturi sutarties,,4/15/2017
364,,302812359,Nident,"Durpyno g. 12A, Mažeikiai",Odontologijos centras C8+,29767,Artūras,1k/metus,Nėra,Ne,Pratęsimo neturi sutarties,,4/15/2017
365,,302812359,Nident,"Durpyno g. 12A, Mažeikiai",Autoklavas Domina Plus B,12555,Artūras,1k/metus,Nėra,Ne,Pratęsimo neturi sutarties,,4/15/2017
366,,302812359,Nident,"Durpyno g. 12A, Mažeikiai",Kompresorius Catanni,,Artūras,1k/metus,Nėra,Ne,Pratęsimo neturi sutarties,,4/15/2017
367,,302812359,Nident,"Durpyno g. 12A, Mažeikiai",Siurblys Catanni,,Artūras,1k/metus,Nėra,Ne,Pratęsimo neturi sutarties,,4/15/2017
368,2/7/2013,300065905," Euroklinika","M. Marcinkevičiaus g.116, Vilnius","SIRONA Heliodent Plus ",,Artūras,1k/metus,Nėra,Ne,Nebenaudoja rentgeno. Paskambins pats jei kas 852723683,,2/7/2014
369,,124424439,Dentiklas,"M.K.Čiurlionio g. 84B-59, LT-03107 Vilnius",Durr Hygopac View Užlydymo aparatas,,Tomas,1k/metus,Nėra,Taip,Parduotas 2022-03-17. Garantinis,12/3/2024,12/3/2025
370,9/4/2008,122019919,Pašilaičių Šeimos Medicinos Centras,"Žemynos g. 2, LT-06135 Vilnius",Autoklavas Domina Plus B,6468,Artūras/Tomas,1k/metus,Nėra,Taip,Tel:+37052490644,11/8/2024,11/8/2025
371,4/29/2004,,Lasionienės I.Į,"Mūsninkų 1-23, Vilnius",Autoklavas Domina Plus B,1389,Artūras,1k/metus,Nėra,Ne,tel:868577673,11/7/2024,11/7/2025
372,10/24/2023,148241318,Kazlauskienės klinika,"Kranto g. 9A-3, Panevėžys",Kompresorius Tornado 1,,Tomas,1k/metus,,,"Garantinis, pirkta 2023-10-25.",,
373,,148241318,Kazlauskienės klinika,"Kranto g. 9A-3, Panevėžys",AUtoklavas Domina,,Tomas,1k/metus,,,,,1/1/2025
374,11/22/2023,,VŠI Salantu PSPC,,VistaScan Mini Easy 2.0,P46915114,,1k/metus,,,,6/25/2025,6/25/2026
375,12/18/2008,,A. Brazauskienes,Kanarskio 4,Domina Plus B,7480,,1k/metus,,,,2/14/2025,2/14/2026
376,4/15/2008,,Gorbac,"Ginietiskes, Alyvogiu į",Domina Plus B,6450,,1k/metus,,,,2/1/2025,2/1/2026
377,10/20/2014,303286691," Grybo klinika","L. Sapiegos g. 4-18, Vilniaus",Sirona Vario DG,3002VF4427,,1k/metus,,,,3/26/2025,3/26/2026
378,2019,303290526,Šypsenos rūmai tel.069688088,Vilniaus g. 35-101,Hygopac View,L415987024,,1k/metus,,,,4/2/2025,4/2/2026
379,2019,303290526,Šypsenos rūmai tel.069688088,Vilniaus g. 35-101,Hygoclave 90,L406194004,,1k/metus,,,,4/18/2025,4/18/2026
380,2019,303290526,Šypsenos rūmai tel.069688088,Vilniaus g. 35-101,Vandens Filtrai,,,1k/metus,,,,4/2/2025,
381,1/8/2009,186483138," Alstoma","V. Sirokomles g.11-1, Nemezis",Domila plus B,7493,,1k/metus,,,,4/7/2025,4/7/2026
382,,305034511,Inovejos centras,"Rokiškio r. sav., Kamajai, Šilo g. 9,",Hygoclave 40 plus,,,1k/metus,,,,2/14/2025,2/15/2026
383,,306131529,MB Tavo dantys,"Klaipeda, Pietine g. 3-1,",Hygoclave 40 plus,20FSTN10H100344,,1k/metus,,,,1/15/2025,2/15/2026
384,,305567160," Balta akvarele",S. Daukanto g.2,Hygoclave 40 plus,22JSTN10H100606,,1k/metus,,,,1/15/2025,1/15/2026
385,,," Dentalux ","Vyduno al. 33, Kaunas",Domila plus B,,,1k/metus,,,,4/15/2025,4/15/2026
386,,300609716,Žaliakalnio odontologijos klinika,"Aušros g.20-1, Kaunas",Siroclave B,4268,,1k/metus,,,,4/15/2025,4/15/2026
387,,302852446,PR Klinika,"Baršausko g. 55-10 ,Kaunas",Domina plus B,8072,,1k/metus,,,,6/5/2025,6/5/2026
388,,,,Savanoriu pr. Kaunas,Domina plus B,,,1k/metus,,,,,
389,,241743080,Baltdenta,"Baltijos pr. 109-1, Klaipeda",Heliodent DS,23228,,1k/metus,,,,5/15/2025,5/15/2026
390,,153722050,"T. Lingio Odontologijos Klinika, IĮ   ","Statybininkų g. 30-37, LT-63417 Alytus  ",VistaScan Mini Easy 2.0 fosforo plokštel,S495468020,,1k/metus,,,,10/10/2025,
391,,153722050,"T. Lingio Odontologijos Klinika, IĮ   ","Statybininkų g. 30-37, LT-63417 Alytus  ","VistaCam iX HD camera          ",R495257001,,1k/metus,,,,10/10/2025,
392,,305288997,Domsana,"Aušros g. 4         ",Hygoclave 40 plus,GSTN10H100557,,1k/metus,2021,,,9/13/2025,9/13/2026
393,,305288997,Domsana,Aušros g. 5,VS1200 S,N458075056,,1k/metus,202109,,,9/13/2025,9/14/2026
394,,305288997,Domsana,Aušros g. 6,"Kompresorius Tornado 4 ",N446025023,,1k/metus,202101,,,9/13/2025,9/15/2026
395,3/3/2026,305248942,"Praktinė chirurgija JDM klinika ","Žvalgų 7 , Vilnius ","Vista Intra DC dentalinis ",T204411248,,1k/metus,,,,3/3/2026,3/3/2027
396,3/3/2026,305248942,"Praktinė chirurgija JDM klinika ","Žvalgų 7 , Vilnius ","VistaPano 2D S ",S220840286,,1k/metus,,,,3/3/2026,3/3/2027
397,2/3/2025,305248942,"Praktinė chirurgija JDM klinika ","Žvalgų 7 , Vilnius ","Thermosealer Newseal DXP    ","NS001675   ",,1k/metus,,,,2/3/2026,2/3/2027
398,2/3/2025,305248942,"Praktinė chirurgija JDM klinika ","Žvalgų 7 , Vilnius ","Autoklavas  ""DXPclave""   naujas   ",GBP240159,,1k/metus,,,,2/3/2026,2/3/2027
399,3/4/2026,305248942,"Praktinė chirurgija JDM klinika ","Žvalgų 7 , Vilnius ","Sitona Intego ",378324,,1k/metus,,,,,12/3/2026
400,3/20/2026,307153037,"Šiaulių odontologijos klinika ","Vilniaus g 251-40 , Šiauliai ","Vista Intra DC dentalinis ",T204411107,,1k/metus,,,,3/20/2026,3/20/2027
401,3/21/2026,307153037,"Šiaulių odontologijos klinika ","Vilniaus g 251-40 , Šiauliai ","Vista Intra DC dentalinis ",T204411108,,1k/metus,,,,3/20/2026,3/20/2027
402,12/4/2025,135828415,M. Zabielsko stomat. kabinetas,A. Mickevičiaus g. 8    kaunas,"Autoklavas  ""DXPclave"" 18 L      ",GAP250016,,1k/metus,,,,12/4/2025,12/4/2026
403,2/2/2026,152565571,"UAB ""Vakarų amatininkai ir Ko""   (ROK Klinika) Kristina gyd ","Savanorių g,216, Kaunas ","Autoklavas  ""DXPclave"" 18 L      "," GAP250049  ",,1k/metus,,,,2/2/2026,2/2/2027
404,9/9/2025,180376179,"UAB ""Aspidontas""    ","Vytenio g.19, telšiai       ","Autoklavas  ""DXPclave"" 18 L      ",GAP250014,,1k/metus,,,,9/9/2025,9/9/2026
405,3/12/2021,302347732,"  UAB ""Kridenta""","Kaunas, Rasytės g. 3, LT-48127       ","Thermosealer Newseal DXP        ",NS000782,,1k/metus,,,,4/28/2026,4/28/2027